시도명,시군구명,읍/면/동,등록인구수
전라북도,정읍시,신태인읍,5664
전라북도,정읍시,북면,4533
전라북도,정읍시,입암면,2883
전라북도,정읍시,소성면,2160
전라북도,정읍시,고부면,2888
전라북도,정읍시,영원면,1838
전라북도,정읍시,덕천면,1877
전라북도,정읍시,이평면,2139
전라북도,정읍시,정우면,2622
전라북도,정읍시,태인면,3577
전라북도,정읍시,감곡면,2874
전라북도,정읍시,옹동면,1736
전라북도,정읍시,칠보면,2380
전라북도,정읍시,산내면,1231
전라북도,정읍시,산외면,2152
전라북도,정읍시,수성동,18063
전라북도,정읍시,장명동,3057
전라북도,정읍시,내장상동,20778
전라북도,정읍시,시기동,3471
전라북도,정읍시,초산동,11030
전라북도,정읍시,연지동,6130
전라북도,정읍시,농소동,4189
전라북도,정읍시,상교동,3967
