시도명,시군구명,읍/면/동,등록인구수
충청남도,아산시,염치읍,6980
충청남도,아산시,배방읍,74906
충청남도,아산시,송악면,4355
충청남도,아산시,탕정면,21879
충청남도,아산시,음봉면,20996
충청남도,아산시,둔포면,25135
충청남도,아산시,영인면,6397
충청남도,아산시,인주면,7478
충청남도,아산시,선장면,3664
충청남도,아산시,도고면,4630
충청남도,아산시,신창면,25247
충청남도,아산시,온양1동,10085
충청남도,아산시,온양2동,7869
충청남도,아산시,온양3동,37848
충청남도,아산시,온양4동,19078
충청남도,아산시,온양5동,26973
충청남도,아산시,온양6동,29554
