시도명,시군구명,읍/면/동,설치유무,등록인구수,어린이보호구역개수,화재발생횟수,관광지개수,예상범죄발생횟수
강원도,강릉시,주문진읍,1.0,0.08190289594201361,0.1,0.0,0.2,0.014842075373347034
강원도,강릉시,성산면,0.0,0.0158285115890764,0.037500000000000006,0.0,0.2,0.0026475963880180035
강원도,강릉시,왕산면,0.0,0.007407550393058619,0.025,0.0,0.0,0.0010934504758503764
강원도,강릉시,구정면,0.0,0.019221024896125396,0.0625,0.0,0.0,0.0032737078930345316
강원도,강릉시,강동면,1.0,0.022087529738781305,0.037500000000000006,0.0,0.0,0.0038027409427924524
강원도,강릉시,옥계면,0.0,0.018067666887043303,0.05,0.0,0.2,0.00306084779388951
강원도,강릉시,사천면,0.0,0.021658036588955754,0.037500000000000006,0.0,0.0,0.0037234750481317533
강원도,강릉시,연곡면,0.0,0.032612524792371436,0.037500000000000006,0.0,0.2,0.005745200675994513
강원도,강릉시,홍제동,0.0,0.07053339188595752,0.025,0.0,0.0,0.012743755734913263
강원도,강릉시,중앙동,0.0,0.025634467549138364,0.0,0.0,0.0,0.004457352544765637
강원도,강릉시,옥천동,0.0,0.017281067073317863,0.025,0.0,0.0,0.002915675425016546
강원도,강릉시,교1동,0.0,0.13088924385076803,0.037500000000000006,0.0,0.0,0.023882840504816143
강원도,강릉시,교2동,0.0,0.039431331766568066,0.05,0.0,0.0,0.007003658082236839
강원도,강릉시,포남1동,0.0,0.05342605237886122,0.037500000000000006,0.0,0.0,0.009586479368933755
강원도,강릉시,포남2동,0.0,0.0679371299240907,0.05,0.0,0.0,0.012264597854829487
강원도,강릉시,초당동,0.0,0.024288078910921194,0.0125,0.0,0.0,0.004208867324424795
강원도,강릉시,송정동,0.0,0.03368384478407112,0.025,0.0,0.0,0.005942920098631311
강원도,강릉시,내곡동,0.0,0.07695166030469885,0.025,0.0,0.0,0.013928291014674262
강원도,강릉시,강남동,0.0,0.09167989730770532,0.0,0.0,0.0,0.016646487761915293
강원도,강릉시,성덕동,0.0,0.13988447116846264,0.0,0.0,0.0,0.025542971152541328
강원도,강릉시,경포동,0.0,0.03683506980470127,0.0,0.0,0.0,0.006524500202153064
강원도,고성군,간성읍,0.0,0.03520396098850986,0.05,0.0,0.0,0.31395718898564096
강원도,고성군,거진읍,0.0,0.03280555542150651,0.025,0.0,0.4,0.2928688044998121
강원도,고성군,현내면,0.0,0.011654224234030336,0.0125,0.0,0.4,0.10689216626764354
강원도,고성군,죽왕면,0.0,0.018777054449114716,0.025,0.0,0.2,0.1695208493684149
강원도,고성군,토성면,0.0,0.03934929374918566,0.037500000000000006,0.0,0.0,0.35040572474686216
강원도,동해시,천곡동,0.0,0.1479338484033954,0.1375,0.0,0.0,0.0367076213635024
강원도,동해시,송정동,0.0,0.021532566680017955,0.025,0.0,0.0,0.0051395348905781905
강원도,동해시,북삼동,0.0,0.09864347725375325,0.0,0.0,0.0,0.024397598256777397
강원도,동해시,부곡동,0.0,0.026918121232886633,0.025,0.0,0.0,0.006484550142889243
강원도,동해시,동호동,0.0,0.023496653331467374,0.0,0.0,0.0,0.005630055685999873
강원도,동해시,발한동,0.0,0.01884944093504037,0.0625,0.0,0.0,0.004469437686021788
강원도,동해시,묵호동,0.0,0.01715559716438006,0.0,0.0,0.0,0.00404640869537557
강원도,동해시,북평동,0.0,0.05085391924563631,0.025,0.0,0.0,0.012462395708716144
강원도,동해시,망상동,0.0,0.0189266531866944,0.025,0.0,0.2,0.004488721058814777
강원도,동해시,삼화동,0.0,0.014868184209129385,0.0,0.0,0.2,0.0034751387763832403
강원도,삼척시,도계읍,0.0,0.05498477470912698,0.0625,0.0,0.0,0.07007421130501067
강원도,삼척시,원덕읍,0.0,0.025571732594669463,0.025,0.0,0.0,0.03275921139732848
강원도,삼척시,근덕면,0.0,0.026310074751111138,0.037500000000000006,0.0,0.6000000000000001,0.03369591278959679
강원도,삼척시,하장면,0.0,0.006046684457656319,0.0,0.0,0.0,0.007988663468455273
강원도,삼척시,노곡면,0.0,0.0029437170943099403,0.0,0.0,0.0,0.004052068728399548
강원도,삼척시,미로면,0.0,0.008850454345843327,0.0125,0.0,0.0,0.01154567986654606
강원도,삼척시,가곡면,0.0,0.0030016262830504636,0.0125,0.0,0.0,0.0041255355042637285
강원도,삼척시,신기면,0.0,0.002707254573619469,0.0125,0.0,0.0,0.0037520793936208054
강원도,삼척시,남양동,0.0,0.03874607303313854,0.0125,0.0,0.0,0.04947290290642977
강원도,삼척시,교동,0.0,0.07088567278412904,0.0125,0.0,0.0,0.09024696351105051
강원도,삼척시,정라동,0.0,0.045859251716766164,0.0,0.0,0.0,0.05849707187508007
강원도,삼척시,성내동,0.0,0.041081743645672984,0.0,0.0,0.0,0.0524360628662851
강원도,속초시,영랑동,0.0,0.02370898702351596,0.025,0.0,0.0,0.01553935198706604
강원도,속초시,동명동,0.0,0.02026339029345482,0.0,0.0,0.0,0.013278637553281484
강원도,속초시,금호동,0.0,0.03256909290081604,0.0,0.0,0.0,0.021352617673940606
강원도,속초시,교동,0.0,0.04943514412149348,0.0125,0.0,0.0,0.03241871983931458
강원도,속초시,노학동,0.0,0.1094338894224041,0.037500000000000006,0.0,0.2,0.07178491389427727
강원도,속초시,조양동,0.0,0.120301513842709,0.05,0.0,0.2,0.07891534653416916
강원도,속초시,청호동,0.0,0.02299959946144455,0.0125,0.0,0.0,0.015073910780110398
강원도,속초시,대포동,0.0,0.015987761858112837,0.0125,0.0,0.0,0.010473325244691689
강원도,양구군,양구읍,0.0,0.07188460628990306,0.037500000000000006,0.0,0.0,0.4825897337961614
강원도,양구군,남면,0.0,0.016658543294357234,0.037500000000000006,0.0,0.0,0.11434131921420418
강원도,양구군,동면,0.0,0.010385047847467197,0.025,0.0,0.0,0.07250953496424399
강원도,양구군,방산면,0.0,0.006524435264765637,0.0125,0.0,0.2,0.046766898502730046
강원도,양구군,해안면,0.0,0.006027381394742811,0.0125,0.0,0.4,0.04345253405831013
강원도,양양군,양양읍,0.0,0.05709363433242771,0.025,0.0,0.0,0.03749244149279392
강원도,양양군,서면,0.0,0.014014023675206664,0.05,0.0,0.2,0.009190663057332068
강원도,양양군,손양면,0.0,0.011446716307710127,0.025,0.0,0.2,0.007504033044151188
강원도,양양군,현북면,0.0,0.01223331612143557,0.025,0.0,0.0,0.008020801262475405
강원도,양양군,현남면,0.0,0.014583464031155145,0.037500000000000006,0.0,0.2,0.009564765203112788
강원도,양양군,강현면,0.0,0.02079905028930466,0.025,0.0,0.0,0.013648185235024389
강원도,영월군,영월읍,0.0,0.10449713108227449,0.1125,0.0,0.0,0.05623968818623092
강원도,영월군,상동읍,0.0,0.004970538700228259,0.025,0.0,0.0,0.0025985348109360826
강원도,영월군,중동면,0.0,0.0069056707573074165,0.037500000000000006,0.0,0.0,0.003641499439693512
강원도,영월군,김삿갓면,0.0,0.008145892549500293,0.0,0.0,0.2,0.00430993312944578
강원도,영월군,북면,0.0,0.010385047847467197,0.025,0.0,0.0,0.005516755044017969
강원도,영월군,남면,0.0,0.010631161899614421,0.025,0.0,0.0,0.0056494014182489624
강원도,영월군,한반도면,0.0,0.014602767094068653,0.05,0.0,0.0,0.007789949771035408
강원도,영월군,주천면,0.0,0.018588849585708014,0.037500000000000006,0.0,0.0,0.009938300851717796
강원도,영월군,수주면,0.0,0.00938611434169317,0.025,0.0,0.0,0.004978366819198048
강원도,원주시,문막읍,0.0,0.09465739476211389,0.08750000000000001,0.0,0.0,0.006462256506282248
강원도,원주시,소초면,0.0,0.04491340163400428,0.05,0.0,0.0,0.0028901117864781195
강원도,원주시,호저면,0.0,0.01918241877029838,0.05,0.0,0.0,0.001042355126990768
강원도,원주시,지정면,0.0,0.045965418562790454,0.0625,0.0,0.2,0.00296565772641965
강원도,원주시,부론면,0.0,0.010993094329242694,0.0125,0.0,0.0,0.00045427503487710795
강원도,원주시,귀래면,0.0,0.010114804966678088,0.0125,0.0,0.0,0.00039120457125619673
강원도,원주시,흥업면,0.0,0.0462694418036782,0.025,0.0,0.0,0.002987489809980735
강원도,원주시,판부면,0.0,0.03620772026001226,0.05,0.0,0.0,0.0022649518064115064
강원도,원주시,신림면,0.0,0.017811901303439327,0.025,0.0,0.0,0.0009439374804614343
강원도,원주시,중앙동,0.0,0.013999546378021534,0.0,0.0,0.0,0.0006701700834256114
강원도,원주시,원인동,0.0,0.027781933298266108,0.0,0.0,0.0,0.0016598912048614472
강원도,원주시,개운동,0.0,0.06646527137693574,0.037500000000000006,0.0,0.0,0.004437763932252784
강원도,원주시,명륜1동,0.0,0.045270508297904175,0.0,0.0,0.0,0.002915755821137171
강원도,원주시,명륜2동,0.0,0.08218279035425947,0.0,0.0,0.0,0.005566447998259967
강원도,원주시,단구동,0.0,0.2214688665724034,0.1,0.0,0.0,0.015568661138316873
강원도,원주시,일산동,0.0,0.040164848157281365,0.037500000000000006,0.0,0.0,0.0025491154337145125
강원도,원주시,학성동,0.0,0.025369050434077632,0.025,0.0,0.0,0.0014866207004083946
강원도,원주시,단계동,0.0,0.12704310856525158,0.1,0.0,0.0,0.008787893217051118
강원도,원주시,우산동,0.0,0.07061060413761154,0.025,0.0,0.0,0.0047354426589031285
강원도,원주시,태장1동,0.0,0.05070432050805662,0.0,0.0,0.0,0.0033059609971654454
강원도,원주시,태장2동,0.0,0.11604036270455216,0.0,0.0,0.0,0.007997779716745198
강원도,원주시,봉산동,0.0,0.0431713002060602,0.05,0.0,0.0,0.002765010482263015
강원도,원주시,행구동,0.0,0.03818628420864681,0.0125,0.0,0.0,0.002407033620063009
강원도,원주시,무실동,0.0,0.16858812572084875,0.1,0.0,0.0,0.011771264762723775
강원도,원주시,반곡관설동,0.0,0.199777049623349,0.0,0.0,0.0,0.014010959303283933
강원도,인제군,인제읍,1.0,0.046341828289603856,0.07500000000000001,0.0,0.0,0.5435896167298518
강원도,인제군,남면,1.0,0.020123443087331886,0.0625,0.0,0.0,0.23941547262359275
강원도,인제군,북면,1.0,0.041631880938707955,0.07500000000000001,0.0,0.2,0.48894688441847534
강원도,인제군,기린면,1.0,0.02445215494568601,0.025,0.0,0.2,0.28963527885648704
강원도,인제군,서화면,1.0,0.013854773406170225,0.037500000000000006,0.0,0.0,0.16668913115588968
강원도,인제군,상남면,1.0,0.006944276883134432,0.037500000000000006,0.0,0.0,0.08651659768264044
강원도,정선군,정선읍,0.0,0.05285661202291274,0.05,0.0,0.0,0.0210902207634356
강원도,정선군,고한읍,0.0,0.02130092992505586,0.025,0.0,0.0,0.008406637642931562
강원도,정선군,사북읍,0.0,0.024263950082279308,0.025,0.0,0.0,0.009597602627790023
강원도,정선군,신동읍,0.0,0.0174403173423543,0.0125,0.0,0.0,0.006854891734321188
강원도,정선군,남면,0.0,0.01606497410976687,0.025,0.0,0.0,0.0063020822543787425
강원도,정선군,북평면,0.0,0.012030633960843737,0.025,0.0,0.0,0.0046805077798809025
강원도,정선군,임계면,0.0,0.017276241307589486,0.0,0.0,0.0,0.0067889425332052465
강원도,정선군,화암면,0.0,0.007668141742390975,0.025,0.0,0.2,0.0029270349031511804
강원도,정선군,여량면,0.0,0.009400591638878299,0.0125,0.0,0.2,0.0036233808796400854
강원도,철원군,철원읍,0.0,0.024761003952302137,0.037500000000000006,0.0,0.0,0.02940403587966883
강원도,철원군,김화읍,0.0,0.01850198580259723,0.037500000000000006,0.0,0.0,0.022038950544996667
강원도,철원군,갈말읍,0.0,0.061287224750387274,0.08750000000000001,0.0,0.2,0.0723850157548682
강원도,철원군,동송읍,0.0,0.0784090415546687,0.08750000000000001,0.0,0.2,0.09253252752619963
강원도,철원군,서면,0.0,0.02929239797124809,0.0625,0.0,0.0,0.034736198662442284
강원도,철원군,근남면,0.0,0.011408110181883112,0.0125,0.0,0.0,0.013691475262060599
강원도,철원군,근북면,0.0,0.0,0.0,0.0,0.0,0.0002673721539919823
강원도,춘천시,신북읍,1.0,0.03844687555797917,0.125,0.0,0.0,0.0026744661486436017
강원도,춘천시,동면,1.0,0.09654909492763765,0.1,0.0,0.0,0.007217436299556267
강원도,춘천시,동산면,1.0,0.0069828830089614475,0.0125,0.0,0.0,0.00021431952206963403
강원도,춘천시,신동면,1.0,0.011972724772103214,0.037500000000000006,0.0,0.0,0.0006044716097809045
강원도,춘천시,남면,0.0,0.00487402338566072,0.0,0.0,0.0,4.942932639282052e-05
강원도,춘천시,서면,1.0,0.019100380752915973,0.07500000000000001,0.0,0.2,0.0011617778317824
강원도,춘천시,사북면,1.0,0.01235878603037337,0.05,0.0,0.0,0.0006346574579597262
강원도,춘천시,북산면,0.0,0.00424184807524334,0.025,0.0,0.2,0.0
강원도,춘천시,동내면,1.0,0.0858407207763692,0.07500000000000001,0.0,0.0,0.006380156335696199
강원도,춘천시,남산면,0.0,0.017512703828279956,0.07500000000000001,0.0,0.2,0.0010376385311469958
강원도,춘천시,교동,1.0,0.020538458939972304,0.025,0.0,0.0,0.0012742201162485108
강원도,춘천시,조운동,0.0,0.015046737541079332,0.0,0.0,0.0,0.0008448264259047721
강원도,춘천시,약사명동,0.0,0.012764150351557034,0.025,0.0,0.0,0.000666352598547489
강원도,춘천시,근화동,1.0,0.04383243011084784,0.0125,0.0,0.0,0.003095558730738165
강원도,춘천시,소양동,0.0,0.052205133649581854,0.0125,0.0,0.0,0.003750214313116359
강원도,춘천시,후평1동,0.0,0.062252377896062666,0.037500000000000006,0.0,0.0,0.004535801011970194
강원도,춘천시,후평2동,0.0,0.07536398338006284,0.05,0.0,0.0,0.005560987880743426
강원도,춘천시,후평3동,0.0,0.08769864058179433,0.05,0.0,0.0,0.006525425730056779
강원도,춘천시,효자1동,0.0,0.023935798012749677,0.025,0.0,0.0,0.0015398555802221417
강원도,춘천시,효자2동,0.0,0.061793930151866856,0.025,0.0,0.0,0.004499955317257843
강원도,춘천시,효자3동,0.0,0.025200148633584437,0.025,0.0,0.0,0.0016387142330077829
강원도,춘천시,석사동,1.0,0.18307990020316475,0.07500000000000001,0.0,0.0,0.013983216845736912
강원도,춘천시,퇴계동,1.0,0.21392136897322184,0.1125,0.0,0.0,0.01639468879212253
강원도,춘천시,강남동,0.0,0.08604822870268941,0.0,0.0,0.0,0.006396381229092317
강원도,춘천시,신사우동,0.0,0.10015876769246361,0.0,0.0,0.0,0.00749967398002825
강원도,태백시,황지동,0.0,0.03207203903079322,0.05,0.0,0.0,0.20549257188995088
강원도,태백시,황연동,0.0,0.022739008112112193,0.0,0.0,0.0,0.14658644095758658
강원도,태백시,삼수동,0.0,0.03016586156808432,0.0,0.0,0.0,0.19346158858163448
강원도,태백시,상장동,0.0,0.06843900955984192,0.0,0.0,0.0,0.43502545850127305
강원도,태백시,문곡소도동,0.0,0.01901351696980519,0.0125,0.0,0.0,0.12307272168158591
강원도,태백시,장성동,0.0,0.01663924023144373,0.037500000000000006,0.0,0.0,0.10808729437097414
강원도,태백시,구문소동,0.0,0.01353144710236897,0.0,0.0,0.0,0.08847222285057982
강원도,태백시,철암동,0.0,0.010737328745638715,0.0125,0.0,0.0,0.07083693339357935
강원도,평창군,평창읍,0.0,0.04208550291717539,0.05,0.0,0.0,0.04642991223597847
강원도,평창군,미탄면,0.0,0.007885301200167937,0.0125,0.0,0.4,0.008881634657156141
강원도,평창군,방림면,0.0,0.011577011982376303,0.025,0.0,0.0,0.012934750552146837
강원도,평창군,대화면,0.0,0.026174953310716582,0.05,0.0,0.0,0.02896177745717542
강원도,평창군,봉평면,0.0,0.028003918521771445,0.0125,0.0,0.4,0.03096979173717734
강원도,평창군,용평면,0.0,0.015191510512930639,0.05,0.0,0.0,0.01690309539573904
강원도,평창군,진부면,0.0,0.04422814290057475,0.05,0.0,0.0,0.0487823089122868
강원도,평창군,대관령면,0.0,0.028100433836338985,0.037500000000000006,0.0,0.4,0.031075755551425468
강원도,홍천군,홍천읍,0.0,0.1727913676702651,0.17500000000000002,0.0,0.0,0.0674318658563696
강원도,홍천군,화촌면,0.0,0.022309514962286645,0.037500000000000006,0.0,0.0,0.0085660897833776
강원도,홍천군,두촌면,0.0,0.01115717036400751,0.0125,0.0,0.0,0.004203494506955045
강원도,홍천군,내촌면,0.0,0.011263337210031803,0.025,0.0,0.0,0.004245025054805021
강원도,홍천군,서석면,0.0,0.018492334271140477,0.025,0.0,0.0,0.0070728778129534355
강원도,홍천군,동면,0.0,0.018140053372968958,0.025,0.0,0.0,0.006935071904178513
강원도,홍천군,남면,0.0,0.029224837251050816,0.025,0.0,0.0,0.011271238650151082
강원도,홍천군,서면,0.0,0.018207614093166236,0.05,0.0,0.4,0.006961500434628499
강원도,홍천군,북방면,0.0,0.018825312106398488,0.0125,0.0,0.0,0.007203132713028363
강원도,홍천군,내면,0.0,0.01627248203608708,0.037500000000000006,0.0,0.0,0.006204511812453923
강원도,화천군,화천읍,0.0,0.041265122743351305,0.05,0.0,0.0,0.1187135024978334
강원도,화천군,간동면,0.0,0.013097128186815044,0.05,0.0,0.0,0.03848317821943788
강원도,화천군,하남면,0.0,0.013328764941777137,0.0625,0.0,0.0,0.039142944463289676
강원도,화천군,상서면,0.0,0.01989663209809817,0.1,0.0,0.0,0.057850066502504405
강원도,화천군,사내면,0.0,0.03198034948195405,0.08750000000000001,0.0,0.0,0.09226787222344021
강원도,횡성군,횡성읍,0.0,0.10211320281245628,0.07500000000000001,0.0,0.0,0.033242307145648624
강원도,횡성군,우천면,0.0,0.022150264693250207,0.037500000000000006,0.0,0.0,0.007057600933219542
강원도,횡성군,안흥면,0.0,0.01467032781426593,0.025,0.0,0.0,0.0046082168276513425
강원도,횡성군,둔내면,0.0,0.02779158482972286,0.0125,0.0,0.2,0.008904910623160978
강원도,횡성군,갑천면,0.0,0.010853147123119761,0.0125,0.0,0.2,0.0033582408099065387
강원도,횡성군,청일면,0.0,0.011186124958377772,0.0125,0.0,0.0,0.0034672779087995746
강원도,횡성군,공근면,0.0,0.01695291500378823,0.025,0.0,0.0,0.005355674041802154
강원도,횡성군,서원면,0.0,0.009902471274629503,0.025,0.0,0.2,0.0030469319913278706
강원도,횡성군,강림면,0.0,0.007923907325994952,0.0125,0.0,0.0,0.0023990303892098305
경기도,가평군,가평읍,1.0,0.047963285574338516,0.07500000000000001,0.0,0.0,0.2860179891792327
경기도,가평군,설악면,1.0,0.023593168646034914,0.05,0.0,0.0,0.1421380565122925
경기도,가평군,청평면(외서면),0.0,0.034538005317993836,0.05,0.0,0.2,0.20675581637142523
경기도,가평군,상면,1.0,0.013463886382171691,0.037500000000000006,0.0,0.2,0.08233528845924151
경기도,가평군,조종면,1.0,0.024567973323167056,0.0125,0.0,0.0,0.14789325381897012
경기도,가평군,북면,1.0,0.009405417404606677,0.025,0.0,0.0,0.05837429373193523
광주광역시,광산구,송정1동,0.0,0.05550595740779169,0.025,0.0,0.0,0.05151365410554825
광주광역시,광산구,송정2동,0.0,0.03260769902664306,0.037500000000000006,0.0,0.0,0.030316205662502878
광주광역시,광산구,도산동,1.0,0.07851038263496461,0.17500000000000002,0.0,0.0,0.07280938365834007
광주광역시,광산구,신흥동,0.0,0.023448395674183605,0.0,0.0,0.0,0.02183722628528473
광주광역시,광산구,어룡동,0.0,0.16563475709508207,0.0,0.0,0.0,0.15346243617482924
광주광역시,광산구,우산동,1.0,0.11897442826740534,0.1,0.0,0.0,0.11026788844125585
광주광역시,광산구,월곡1동,0.0,0.0631451445558124,0.08750000000000001,0.0,0.0,0.05858542668412376
광주광역시,광산구,월곡2동,0.0,0.0979823473489656,0.1,0.0,0.0,0.09083503265047665
광주광역시,광산구,비아동,1.0,0.0376023665555132,0.1375,0.0,0.0,0.034939885143757246
광주광역시,광산구,첨단1동,0.0,0.12527687830866563,0.0,0.0,0.0,0.11610221250165992
광주광역시,광산구,첨단2동,0.0,0.21546561400630246,0.0,0.0,0.0,0.19959201523128584
광주광역시,광산구,신가동,1.0,0.10585799701767679,0.225,0.0,0.0,0.09812570406439657
광주광역시,광산구,운남동,1.0,0.15264862152001968,0.2625,0.0,0.0,0.14144086952356788
광주광역시,광산구,신창동,1.0,0.1672417370826316,0.1875,0.0,0.0,0.15495005479053717
광주광역시,광산구,수완동,0.0,0.3831657988331299,0.1625,0.0,0.0,0.3548359627221751
광주광역시,광산구,하남동,0.0,0.12066827203806565,0.05,0.0,0.0,0.11183591887402908
광주광역시,광산구,임곡동,0.0,0.010259577938529397,0.025,0.0,0.0,0.009628032060871036
광주광역시,광산구,동곡동,0.0,0.009410243170335054,0.0,0.0,0.0,0.00884178318289928
광주광역시,광산구,평동,0.0,0.025571732594669463,0.0,0.0,0.0,0.02380284848021412
광주광역시,광산구,삼도동,0.0,0.010814540997292746,0.0125,0.0,0.0,0.010141774225454854
광주광역시,광산구,본량동,0.0,0.00967083451966741,0.0,0.0,0.0,0.009083018634095158
광주광역시,남구,양림동,0.0,0.03609190188253122,0.025,0.0,0.0,0.03249792713982007
광주광역시,남구,방림1동,0.0,0.03455730838090734,0.025,0.0,0.0,0.03112103440180616
광주광역시,남구,방림2동,0.0,0.044918227399732655,0.037500000000000006,0.0,0.0,0.04041722530908868
광주광역시,남구,봉선1동,0.0,0.07242991781720966,0.07500000000000001,0.0,0.0,0.06510170801165857
광주광역시,남구,봉선2동,0.0,0.14230700556410789,0.07500000000000001,0.0,0.0,0.12779795595644236
광주광역시,남구,사직동,1.0,0.02681195438686234,0.0,0.0,0.0,0.024171622941075645
광주광역시,남구,월산동,0.0,0.038084943128350895,0.0125,0.0,0.0,0.03428615575868717
광주광역시,남구,월산4동,0.0,0.043972377316970776,0.0125,0.0,0.0,0.03956857443911785
광주광역시,남구,월산5동,0.0,0.03241466839750798,0.0125,0.0,0.0,0.02919858039023959
광주광역시,남구,백운1동,0.0,0.062281332490432925,0.0125,0.0,0.0,0.055996030564981765
광주광역시,남구,백운2동,0.0,0.029910095984480342,0.025,0.0,0.0,0.02695138752536785
광주광역시,남구,주월1동,0.0,0.09685794393425377,0.07500000000000001,0.0,0.0,0.08701941568406847
광주광역시,남구,주월2동,0.0,0.04142919877811612,0.07500000000000001,0.0,0.0,0.03728674276322688
광주광역시,남구,효덕동,1.0,0.22911287948615247,0.0,0.0,0.0,0.205683322533153
광주광역시,남구,송암동,0.0,0.0926016185618253,0.0,0.0,0.0,0.08320048676919974
광주광역시,남구,대촌동,1.0,0.027294530959700036,0.0,0.0,0.0,0.024604608078815864
광주광역시,동구,충장동,0.0,0.02118028578184644,0.0,0.0,0.0,0.041015892621054324
광주광역시,동구,동명동,0.0,0.019076251924274087,0.0125,0.0,0.0,0.03700742395104685
광주광역시,동구,계림1동,0.0,0.02893046554161982,0.05,0.0,0.0,0.055781031804613974
광주광역시,동구,계림2동,0.0,0.039368596812099164,0.05,0.0,0.0,0.075667081651463
광주광역시,동구,산수1동,0.0,0.042404003455248265,0.0625,0.0,0.0,0.08144994126943252
광주광역시,동구,산수2동,0.0,0.0513992307729429,0.0625,0.0,0.0,0.09858706420726263
광주광역시,동구,지산1동,0.0,0.022705227752013554,0.025,0.0,0.0,0.04392111303326158
광주광역시,동구,지산2동,0.0,0.023998532967218576,0.025,0.0,0.0,0.04638503414234874
광주광역시,동구,서남동,0.0,0.01772986328605692,0.0,0.0,0.0,0.03444237175166132
광주광역시,동구,학동,0.0,0.041096220942858114,0.037500000000000006,0.0,0.0,0.07895843895390034
광주광역시,동구,학운동,0.0,0.059231448550098695,0.0,0.0,0.0,0.11350849689401064
광주광역시,동구,지원1동,0.0,0.03934446798345728,0.0,0.0,0.0,0.07562111297405465
광주광역시,동구,지원2동,0.0,0.0714551131400775,0.0,0.0,0.0,0.13679622886907705
광주광역시,북구,중흥1동,0.0,0.023477350268553868,0.025,0.0,0.0,0.024725073851312573
광주광역시,북구,중흥2동,0.0,0.03359215523523196,0.025,0.0,0.0,0.03529323316446203
광주광역시,북구,중흥3동,0.0,0.022685924689100048,0.037500000000000006,0.0,0.0,0.02389817588978752
광주광역시,북구,중앙동,0.0,0.015799556994706136,0.0,0.0,0.0,0.016703155212371357
광주광역시,북구,임동,0.0,0.03980774149338147,0.05,0.0,0.0,0.0417874073988783
광주광역시,북구,신안동,0.0,0.05258154337639526,0.025,0.0,0.0,0.0551337421803223
광주광역시,북구,용봉동,0.0,0.1956268910969448,0.1625,0.0,0.0,0.2045905066652346
광주광역시,북구,운암1동,0.0,0.09667456483657545,0.05,0.0,0.0,0.10120305117089794
광주광역시,북구,운암2동,0.0,0.06211725645566811,0.05,0.0,0.0,0.06509685420455097
광주광역시,북구,운암3동,0.0,0.0720438565589395,0.0625,0.0,0.0,0.07546837314880118
광주광역시,북구,동림동,0.0,0.1103990425680795,0.07500000000000001,0.0,0.0,0.1155426719183202
광주광역시,북구,우산동,0.0,0.053850719762958396,0.05,0.0,0.0,0.056459804155206975
광주광역시,북구,풍향동,0.0,0.02932617833134673,0.037500000000000006,0.0,0.0,0.030836051469412356
광주광역시,북구,문화동,0.0,0.0928139522538739,0.0,0.0,0.0,0.09716940257809283
광주광역시,북구,문흥1동,0.0,0.08154096351238534,0.1,0.0,0.0,0.08539114868710182
광주광역시,북구,문흥2동,0.0,0.08069645450991937,0.1,0.0,0.0,0.08450878805742569
광주광역시,북구,두암1동,0.0,0.039161088885778954,0.05,0.0,0.0,0.041111771259583436
광주광역시,북구,두암2동,0.0,0.0817581229701623,0.05,0.0,0.0,0.08561804142044711
광주광역시,북구,두암3동,0.0,0.06931247315667814,0.0625,0.0,0.0,0.07261456676939156
광주광역시,북구,삼각동,0.0,0.07088084701840065,0.125,0.0,0.0,0.07425323651021865
광주광역시,북구,일곡동,0.0,0.15096925504654451,0.2,0.0,0.0,0.1579312765679612
광주광역시,북구,매곡동,0.0,0.06970818594640506,0.1,0.0,0.0,0.07302801575015408
광주광역시,북구,오치1동,0.0,0.058343507656077334,0.125,0.0,0.0,0.061153962705083956
광주광역시,북구,오치2동,0.0,0.06273495446890036,0.125,0.0,0.0,0.06574223797939979
광주광역시,북구,석곡동,0.0,0.012807582243112427,0.0,0.0,0.0,0.013577077552947377
광주광역시,북구,건국동,0.0,0.2484545485254873,0.0,0.0,0.0,0.2597859455970319
광주광역시,북구,양산동,0.0,0.1753393719748481,0.1625,0.0,0.0,0.1833936833100436
광주광역시,서구,양동,0.0,0.019790465252073876,0.037500000000000006,0.0,0.0,0.027707132899233707
광주광역시,서구,양3동,0.0,0.023125069370382348,0.0,0.0,0.0,0.03231184890656781
광주광역시,서구,농성1동,0.0,0.05277457400553033,0.025,0.0,0.0,0.07325450469392052
광주광역시,서구,농성2동,0.0,0.02521462593076957,0.025,0.0,0.0,0.03519729323533144
광주광역시,서구,광천동,0.0,0.04095627373673518,0.05,0.0,0.0,0.05693475143493179
광주광역시,서구,유덕동,0.0,0.05328610517273829,0.0,0.0,0.0,0.07396087212775179
광주광역시,서구,치평동,0.0,0.1505108073023487,0.07500000000000001,0.0,0.0,0.20821733146170282
광주광역시,서구,상무1동,0.0,0.1220629183335666,0.0,0.0,0.0,0.16893397275948208
광주광역시,서구,상무2동,0.0,0.11864145043214733,0.0,0.0,0.0,0.164209307565271
광주광역시,서구,화정1동,0.0,0.07486210374431164,0.05,0.0,0.0,0.10375491737925797
광주광역시,서구,화정2동,0.0,0.10259577938529398,0.05,0.0,0.0,0.1420520272116011
광주광역시,서구,화정3동,0.0,0.05096973762311736,0.0625,0.0,0.0,0.07076222714436486
광주광역시,서구,화정4동,0.0,0.07783960119872022,0.0625,0.0,0.0,0.10786650895165326
광주광역시,서구,서창동,0.0,0.02513258791338716,0.0,0.0,0.0,0.03508400789216982
광주광역시,서구,금호1동,0.0,0.10264403704257774,0.125,0.0,0.0,0.142118665648755
광주광역시,서구,금호2동,0.0,0.14254346808479837,0.1375,0.0,0.0,0.19721532548759488
광주광역시,서구,풍암동,0.0,0.18566651063357478,0.1375,0.0,0.0,0.2567634329283149
광주광역시,서구,동천동,0.0,0.08216348729134597,0.037500000000000006,0.0,0.0,0.11383731292064221
부산광역시,서구,동대신1동,1.0,0.022468765231323084,0.0125,0.0,0.0,0.029497309870900566
부산광역시,서구,동대신2동,1.0,0.039146611588593824,0.0,0.0,0.0,0.05114467815062941
부산광역시,서구,동대신3동,1.0,0.033022714879283474,0.025,0.0,0.0,0.043196035110416475
부산광역시,서구,서대신1동,1.0,0.057609991265364036,0.0125,0.0,0.0,0.07510961768715792
부산광역시,서구,서대신3동,1.0,0.04284314813653057,0.05,0.0,0.6000000000000001,0.055942677022814684
부산광역시,서구,서대신4동,0.0,0.03926725573180325,0.0,0.0,0.0,0.051301270803115875
부산광역시,서구,부민동,1.0,0.03968709735017204,0.05,0.0,0.2,0.05184621323376877
부산광역시,서구,아미동,1.0,0.03840344366642377,0.025,0.0,0.0,0.0501800674113128
부산광역시,서구,초장동,1.0,0.024109525578971246,0.0,0.0,0.0,0.03162696994471648
부산광역시,서구,충무동,1.0,0.049811553848306885,0.0,0.0,0.0,0.06498746863043285
부산광역시,서구,남부민1동,0.0,0.025571732594669463,0.025,0.0,0.2,0.033524872892852435
부산광역시,서구,남부민2동,0.0,0.05033756231269997,0.0625,0.0,0.2,0.06567021259527385
부산광역시,서구,암남동,1.0,0.0741141100564132,0.037500000000000006,0.0,1.0,0.09653149254730625
서울특별시,강남구,신사동,0.0,0.08107769000246115,0.037500000000000006,0.30921052631578944,0.0,0.1202359543197533
서울특별시,강남구,논현동,0.0,0.22014178099709972,0.08750000000000001,0.506578947368421,0.0,0.32572406055782516
서울특별시,강남구,삼성동,0.0,0.21163395601797116,0.125,0.3355263157894737,0.0,0.31315246978509664
서울특별시,강남구,대치동,0.0,0.40201041400244186,0.2,0.3684210526315789,0.0,0.5944623143591999
서울특별시,강남구,역삼동,0.0,0.3568605498477471,0.07500000000000001,0.7960526315789473,0.0,0.5277466006498132
서울특별시,강남구,도곡동,0.0,0.27099570024273606,0.0625,0.1381578947368421,0.0,0.40086837341262627
서울특별시,강남구,개포동,0.0,0.2491012011330898,0.1875,0.29605263157894735,0.0,0.36851595858796954
서울특별시,강남구,일원동,0.0,0.2768445283055289,0.125,0.125,0.0,0.40951089639421845
서울특별시,강남구,수서동,0.0,0.07328407835113238,0.08750000000000001,0.06578947368421052,0.0,0.10871972113883627
서울특별시,강남구,세곡동,0.0,0.21408061924225827,0.037500000000000006,0.039473684210526314,0.0,0.31676778261650523
서울특별시,강남구,압구정동,0.0,0.13187370005935692,0.037500000000000006,0.05263157894736842,0.0,0.19529469764008314
서울특별시,강남구,청담동,0.0,0.13103401682261934,0.1125,0.22368421052631576,0.0,0.19405393939025062
서울특별시,강동구,강일동,0.0,0.17211093470256394,0.1,0.09210526315789473,0.0,0.17240651945136493
서울특별시,강동구,상일동,0.0,0.1603698466854228,0.25,0.10526315789473684,0.0,0.16065695981370917
서울특별시,강동구,명일동,0.0,0.21146022845174958,0.225,0.13157894736842105,0.0,0.21178420514205334
서울특별시,강동구,고덕동,0.0,0.23432953223852795,0.25,0.125,0.0,0.23467000996032322
서울특별시,강동구,암사동,0.0,0.3355934002827899,0.35000000000000003,0.23026315789473684,0.0,0.3360069435552958
서울특별시,강동구,성내동,0.0,0.3323987433706044,0.225,0.35526315789473684,0.0,0.33280998158237013
서울특별시,강동구,둔촌동,0.0,0.12818198927714855,0.225,0.08552631578947367,0.0,0.12844587769979063
서울특별시,강동구,천호동,0.0,0.4341644910506175,0.35000000000000003,0.43421052631578944,0.0,0.4346491569374397
서울특별시,강동구,길동,0.0,0.2256286766302643,0.275,0.21052631578947367,0.0,0.2259628763694094
서울특별시,강북구,번동,0.0,0.2580674738564142,0.2,0.256578947368421,0.0,0.36774732660786585
서울특별시,강북구,수유동,0.0,0.3226362193020978,0.35000000000000003,0.4671052631578947,0.0,0.4596575229963019
서울특별시,강북구,삼양동,0.0,0.11885378412419592,0.0,0.0,0.0,0.16958399735423324
서울특별시,강북구,미아동,0.0,0.10911056311860286,0.35000000000000003,0.4671052631578947,0.0,0.15571503722656116
서울특별시,강북구,송중동,0.0,0.14873492551430598,0.0,0.0,0.0,0.21211822276807452
서울특별시,강북구,송천동,0.0,0.13395360508828738,0.0,0.0,0.0,0.19107779440202222
서울특별시,강북구,삼각산동,0.0,0.1544486321367043,0.0,0.0,0.0,0.22025138214953252
서울특별시,강북구,우이동,0.0,0.10116252696396602,0.05,0.03289473684210526,0.0,0.1444014278504958
서울특별시,강북구,인수동,0.0,0.1516834683743443,0.0,0.0,0.0,0.21631531768536408
서울특별시,강서구,염창동,0.0,0.20221888708190772,0.07500000000000001,0.11842105263157894,0.0,0.19317793962392538
서울특별시,강서구,등촌동,0.0,0.37207136342359126,0.1625,0.35526315789473684,0.0,0.3553137022210371
서울특별시,강서구,화곡동,0.0,0.9706207382456412,0.41250000000000003,0.9276315789473684,0.0,0.9266698662817512
서울특별시,강서구,가양동,1.0,0.31173481452169427,0.05,0.20394736842105263,0.8,0.2977183548973536
서울특별시,강서구,외발산동,0.0,0.18056567625868036,0.1,0.06578947368421052,0.0,0.17250847442026482
서울특별시,강서구,공항동,1.0,0.1327761182505634,0.037500000000000006,0.08552631578947367,0.0,0.12689008487004189
서울특별시,강서구,방화동,1.0,0.4413452304544424,0.15000000000000002,0.2763157894736842,0.0,0.42144032869720094
서울특별시,강서구,우장산동,0.0,0.2117256455668103,0.0,0.0,0.0,0.20225278839843203
서울특별시,관악구,보라매동,0.0,0.12144039455460597,0.0,0.0,0.0,0.14220250973106563
서울특별시,관악구,청림동,0.0,0.07527229383122368,0.0,0.0,0.0,0.08824126351240762
서울특별시,관악구,행운동,0.0,0.14325768141259815,0.0,0.0,0.0,0.167702540477857
서울특별시,관악구,낙성대동,0.0,0.08428682421183183,0.0,0.0,0.0,0.09877744078181842
서울특별시,관악구,중앙동,0.0,0.0754991048204574,0.0,0.0,0.0,0.08850636004970008
서울특별시,관악구,인헌동,0.0,0.12733748027468259,0.0,0.0,0.0,0.1490950197006695
서울특별시,관악구,남현동,0.0,0.08920427948904794,0.025,0.125,0.2,0.10452495932439315
서울특별시,관악구,서원동,0.0,0.11317385786189625,0.0,0.0,0.0,0.13254058699953422
서울특별시,관악구,신원동,0.0,0.09254370937308479,0.0,0.0,0.0,0.10842808280963527
서울특별시,관악구,서림동,0.0,0.11725162990237477,0.0,0.0,0.0,0.13730668431894114
서울특별시,관악구,신사동,0.0,0.12215460788240576,0.0,0.0,0.0,0.14303728180594402
서울특별시,관악구,신림동,0.0,0.10884032023781375,0.42500000000000004,1.0,0.0,0.12747555103169111
서울특별시,관악구,난향동,0.0,0.07625675003981258,0.0,0.0,0.0,0.08939189529129402
서울특별시,관악구,조원동,0.0,0.09226381496083892,0.0,0.0,0.0,0.10810094240191266
서울특별시,관악구,대학동,0.0,0.11965003546937812,0.0,0.0,0.0,0.14010993919201242
서울특별시,관악구,은천동,0.0,0.166402053845894,0.0,0.0,0.0,0.19475366798540206
서울특별시,관악구,성현동,0.0,0.14650542174779582,0.0,0.0,0.0,0.17149849727781064
서울특별시,관악구,청룡동,0.0,0.17475062855598614,0.0,0.0,0.0,0.20451147669850736
서울특별시,관악구,난곡동,0.0,0.13483672021658036,0.0,0.0,0.0,0.15786012648689238
서울특별시,관악구,삼성동,0.0,0.11495939118139573,0.0,0.0,0.0,0.13462751718673013
서울특별시,관악구,미성동,0.0,0.15285130368061153,0.0,0.0,0.0,0.17891555997014214
서울특별시,광진구,화양동,1.0,0.1227095709411691,0.07500000000000001,0.20394736842105263,0.0,0.15457395403940444
서울특별시,광진구,군자동,1.0,0.10515343522133376,0.17500000000000002,0.07894736842105263,0.0,0.13250348833212136
서울특별시,광진구,중곡동,1.0,0.4105713224045826,0.30000000000000004,0.3421052631578947,0.0,0.5164555785322974
서울특별시,광진구,능동,1.0,0.05694403559484802,0.125,0.039473684210526314,0.0,0.07189767403422187
서울특별시,광진구,구의동,1.0,0.38422264152764446,0.45,0.21052631578947367,0.0,0.48333168002713917
서울특별시,광진구,광장동,1.0,0.171343637951752,0.25,0.08552631578947367,0.0,0.2157136333681563
서울특별시,광진구,자양동,1.0,0.48303984634761926,0.55,0.35526315789473684,0.0,0.6075584327176384
서울특별시,구로구,신도림동,0.0,0.17556618296408183,0.05,0.08552631578947367,0.0,0.22061223990216394
서울특별시,구로구,구로동,0.0,0.6643197359340993,0.2,0.75,0.0,0.8339053077712711
서울특별시,구로구,고척동,0.0,0.24749904691126864,0.08750000000000001,0.17763157894736842,0.0,0.31087434959466903
서울특별시,구로구,개봉동,0.0,0.4276979649745924,0.1125,0.2894736842105263,0.0,0.536989835843685
서울특별시,구로구,오류동,0.0,0.30403289241920467,0.15000000000000002,0.1644736842105263,0.0,0.38181360996282254
서울특별시,구로구,수궁동,0.0,0.11670631837506817,0.0,0.0,0.0,0.14675426647404882
서울특별시,구로구,가리봉동,0.0,0.06828458505653386,0.025,0.125,0.0,0.08599416928804347
서울특별시,구로구,항동,0.0,0.07861654948098891,0.037500000000000006,0.006578947368421052,0.0,0.09895882626185626
서울특별시,금천구,가산동,0.0,0.12479430173582794,0.1,0.21052631578947367,0.0,0.18043439022229243
서울특별시,금천구,독산동,0.0,0.5344197740576486,0.5,0.4934210526315789,0.0,0.7713397317535283
서울특별시,금천구,시흥동,0.0,0.5351436389169052,0.47500000000000003,0.4407894736842105,0.0,0.7723839432120028
서울특별시,노원구,월계동,0.0,0.3927063376781311,0.375,0.256578947368421,0.0,0.3582931020821251
서울특별시,노원구,공릉동,0.0,0.3791652390443054,0.375,0.29605263157894735,0.0,0.3459428659437239
서울특별시,노원구,하계동,0.0,0.24406310171266427,0.30000000000000004,0.1644736842105263,0.0,0.2227221920553843
서울특별시,노원구,중계동,0.0,0.5246717272863272,0.55,0.35526315789473684,0.0,0.4786528873425386
서울특별시,노원구,상계동,0.0,1.0,1.0,0.763157894736842,0.0,0.9121787459171088
서울특별시,도봉구,쌍문동,0.0,0.37413196538960825,0.25,0.2763157894736842,0.0,0.2796263407740706
서울특별시,도봉구,방학동,0.0,0.3743298217844717,0.1625,0.41447368421052627,0.0,0.2797742011372415
서울특별시,도봉구,창동,0.0,0.5896844431790215,0.375,0.3881578947368421,0.0,0.4407111905729513
서울특별시,도봉구,도봉동,0.0,0.23944001814487914,0.07500000000000001,0.18421052631578946,0.0,0.17896949695790748
서울특별시,동대문구,회기동,0.0,0.06056335989113073,0.07500000000000001,0.046052631578947366,0.0,0.07267746509187371
서울특별시,동대문구,휘경동,0.0,0.19419363867561687,0.17500000000000002,0.13157894736842105,0.0,0.23242448809202218
서울특별시,동대문구,청량리동,0.0,0.09805473383489126,0.025,0.09210526315789473,0.0,0.11749616509144589
서울특별시,동대문구,용신동,0.0,0.15678430274923874,0.07500000000000001,0.0,0.0,0.18770385964605957
서울특별시,동대문구,제기동,0.0,0.12983240115625347,0.2,0.17763157894736842,0.0,0.15548446982785766
서울특별시,동대문구,전농동,0.0,0.24156818083109338,0.25,0.15789473684210525,0.0,0.2890579258440881
서울특별시,동대문구,답십리동,0.0,0.2841603891497484,0.325,0.14473684210526316,0.0,0.3399743689122081
서울특별시,동대문구,장안동,0.0,0.3499307502617978,0.47500000000000003,0.3026315789473684,0.0,0.41859891033248986
서울특별시,동대문구,이문동,0.0,0.20287036545523862,0.225,0.125,0.0,0.2427969971149635
서울특별시,동작구,노량진동,0.0,0.22095250963946705,0.1,0.20394736842105263,0.0,0.20998219819083452
서울특별시,동작구,상도1동,0.0,0.22549355518986977,0.1,0.02631578947368421,0.0,0.2142948295999821
서울특별시,동작구,상도동,0.0,0.3994334551034886,0.4,0.375,0.0,0.37948556978203907
서울특별시,동작구,사당동,0.0,0.510715612799861,0.35000000000000003,0.34868421052631576,0.0,0.485170245972202
서울특별시,동작구,대방동,0.0,0.1884895835846753,0.2,0.09868421052631579,0.0,0.17915215410014823
서울특별시,동작구,신대방동,0.0,0.22283455827353407,0.1,0.17105263157894735,0.0,0.21176957996508272
서울특별시,동작구,흑석동,0.0,0.16615593979374677,0.225,0.14473684210526316,0.0,0.15794189037906953
서울특별시,마포구,용강동,0.0,0.1068617562891792,0.0,0.006578947368421052,0.0,0.14770618911634198
서울특별시,마포구,대흥동,0.0,0.07600581022193698,0.05,0.07236842105263158,0.0,0.10516556476021773
서울특별시,마포구,염리동,0.0,0.0615333388025345,0.07500000000000001,0.019736842105263157,0.0,0.0852125881502683
서울특별시,마포구,신수동,0.0,0.11337171425675971,0.05,0.05263157894736842,0.0,0.15668136932535223
서울특별시,마포구,서교동,0.0,0.1296586735900319,0.05,0.2894736842105263,0.0,0.17913595287272782
서울특별시,마포구,합정동,0.0,0.08909811264302364,0.025,0.07894736842105263,0.0,0.12321572332733768
서울특별시,마포구,망원동,0.0,0.19407299453240742,0.07500000000000001,0.11184210526315788,0.0,0.26794299915135567
서울특별시,마포구,연남동,0.0,0.0799581123534777,0.05,0.07236842105263158,0.0,0.11061454370104752
서울특별시,마포구,성산동,0.0,0.29067999864878563,0.225,0.17763157894736842,0.0,0.4011336089394775
서울특별시,마포구,상암동,0.0,0.15386471448357067,0.2,0.17763157894736842,0.0,0.21250845393158288
서울특별시,마포구,도화동,0.0,0.10561188296552956,0.125,0.07236842105263158,0.0,0.14598300774189155
서울특별시,마포구,서강동,0.0,0.12196157725327067,0.0,0.0,0.0,0.16852408301848662
서울특별시,마포구,공덕동,0.0,0.18645311044730023,0.05,0.039473684210526314,0.0,0.25743758065615385
서울특별시,마포구,아현동,0.0,0.1259910916364654,0.05,0.05263157894736842,0.0,0.17407951331835583
서울특별시,서대문구,천연동,0.0,0.08655493410416899,0.05,0.006578947368421052,0.0,0.09003741590258502
서울특별시,서대문구,홍제동,1.0,0.26449056804088394,0.30000000000000004,0.14473684210526316,0.0,0.27473800625808004
서울특별시,서대문구,홍은동,0.0,0.24556874061991787,0.1,0.256578947368421,0.0,0.25509678758852333
서울특별시,서대문구,남가좌동,0.0,0.2269268076111977,0.125,0.1513157894736842,0.0,0.23574610467077337
서울특별시,서대문구,북가좌동,0.0,0.24800092654701986,0.07500000000000001,0.17763157894736842,0.0,0.25762144308698204
서울특별시,서대문구,충현동,0.0,0.10190086912040769,0.0,0.0,0.0,0.10596678988095547
서울특별시,서대문구,북아현동,0.0,0.08128037216305298,0.07500000000000001,0.05921052631578947,0.0,0.08456231975215772
서울특별시,서대문구,신촌동,0.0,0.11069341427751049,0.0,0.02631578947368421,0.0,0.1150936198773677
서울특별시,서대문구,연희동,0.0,0.18816625728087405,0.025,0.17763157894736842,0.0,0.19551191228263776
서울특별시,서초구,서초동,0.0,0.8271314200780809,0.4,0.47368421052631576,0.6000000000000001,1.0
서울특별시,서초구,잠원동,0.0,0.13714343623474454,0.17500000000000002,0.07236842105263158,0.2,0.1660436700644833
서울특별시,서초구,반포동,0.0,0.4977149999276136,0.275,0.22368421052631576,0.0,0.6018497202821498
서울특별시,서초구,방배동,0.0,0.5040126242031454,0.42500000000000004,0.3881578947368421,0.0,0.6094613653413596
서울특별시,서초구,양재동,0.0,0.3256716259452469,0.2,0.256578947368421,0.2,0.39390890954966185
서울특별시,서초구,내곡동,0.0,0.08702303337982155,0.07500000000000001,0.05921052631578947,0.2,0.10546547421394284
서울특별시,성동구,왕십리2동,0.0,0.08350022439810638,0.125,0.0,0.0,0.08020706361421402
서울특별시,성동구,마장동,0.0,0.11266232669468829,0.15000000000000002,0.10526315789473684,0.0,0.10816716970168812
서울특별시,성동구,사근동,0.0,0.06466043499452276,0.1,0.06578947368421052,0.0,0.062143807919112455
서울특별시,성동구,행당동,0.0,0.18531422973540326,0.1,0.11842105263157894,0.0,0.17782452484762928
서울특별시,성동구,응봉동,0.0,0.07581760535853027,0.05,0.046052631578947366,0.0,0.07284110483690825
서울특별시,성동구,금호동1가,0.0,0.07567765815240735,0.07500000000000001,0.02631578947368421,0.0,0.07270692593958296
서울특별시,성동구,금호동4가,0.0,0.07107870341326411,0.1,0.07236842105263158,0.0,0.06829752976196211
서울특별시,성동구,성수동1가,0.0,0.14707003633801594,0.1,0.18421052631578946,0.0,0.14115667100959647
서울특별시,성동구,성수동2가,0.0,0.13748606560145932,0.07500000000000001,0.41447368421052627,0.0,0.13196772997207812
서울특별시,성동구,송정동,0.0,0.053228195983997764,0.05,0.03289473684210526,0.0,0.051182780065194514
서울특별시,성동구,용답동,0.0,0.060857731600561724,0.07500000000000001,0.06578947368421052,0.0,0.058497843398687244
서울특별시,성동구,왕십리도선동,0.0,0.1325879133871567,0.0,0.0,0.0,0.12727146856569285
서울특별시,성동구,금호동2가,0.0,0.05636011794171441,0.05,0.019736842105263157,0.0,0.054185611250164016
서울특별시,성동구,금호동3가,0.0,0.05636011794171441,0.025,0.046052631578947366,0.0,0.054185611250164016
서울특별시,성동구,옥수동,0.0,0.1293256957547739,0.125,0.02631578947368421,0.0,0.12414371220045496
서울특별시,성북구,돈암동,0.0,0.1927989923801159,0.325,0.039473684210526314,0.0,0.14109795319906848
서울특별시,성북구,안암동,0.0,0.07946588424918324,0.1,0.0,0.0,0.05817081049417217
서울특별시,성북구,보문동,0.0,0.07726050931131498,0.125,0.0,0.0,0.05655711220947396
서울특별시,성북구,정릉동,0.0,0.4120817870775646,0.4,0.25,0.0,0.3015497038701559
서울특별시,성북구,길음동,0.0,0.25876720988702884,0.35000000000000003,0.06578947368421052,0.0,0.1893676590017482
서울특별시,성북구,월곡동,0.0,0.22869786363351205,0.2,0.0,0.0,0.16736557144823705
서울특별시,성북구,장위동,0.0,0.2499794904956544,0.275,0.18421052631578946,0.0,0.18293758334215202
서울특별시,성북구,성북동,0.0,0.08344231520936586,0.125,0.046052631578947366,0.6000000000000001,0.06108041090246831
서울특별시,성북구,삼선동,0.0,0.1159679762186265,0.05,0.0,0.0,0.08487981230042449
서울특별시,성북구,동선동,0.0,0.07785407849590535,0.17500000000000002,0.0,0.0,0.05699143362964438
서울특별시,성북구,종암동,0.0,0.19901457863826544,0.25,0.05921052631578947,0.0,0.14564596937125954
서울특별시,성북구,석관동,0.0,0.1755130995410697,0.125,0.08552631578947367,0.0,0.12844966598727636
서울특별시,송파구,풍납동,0.0,0.19387513813754398,0.225,0.11842105263157894,0.0,0.18916824601356008
서울특별시,송파구,거여동,0.0,0.15584327843220522,0.125,0.10526315789473684,0.0,0.15209058416053606
서울특별시,송파구,마천동,0.0,0.19069013275681518,0.225,0.17105263157894735,0.0,0.18606315061665668
서울특별시,송파구,방이동,0.0,0.2068323191182361,0.07500000000000001,0.23026315789473684,0.0,0.20180033865096267
서울특별시,송파구,오륜동,0.0,0.08870722561902511,0.07500000000000001,0.0,0.0,0.08663893694580808
서울특별시,송파구,오금동,0.0,0.19088316338595027,0.125,0.1644736842105263,0.0,0.186251338216469
서울특별시,송파구,송파동,0.0,0.22139165432074936,0.2,0.11184210526315788,0.0,0.21599438836680757
서울특별시,송파구,석촌동,0.0,0.15950603462004334,0.125,0.1381578947368421,0.0,0.15566144386697497
서울특별시,송파구,삼전동,0.0,0.1531022434984871,0.025,0.07236842105263158,0.0,0.14941832024320098
서울특별시,송파구,가락동,0.0,0.42628401561617796,0.325,0.3026315789473684,0.0,0.4157461161876039
서울특별시,송파구,문정동,0.0,0.24274566766881736,0.05,0.28289473684210525,0.0,0.2368126415960464
서울특별시,송파구,잠실동,0.0,0.7227066754817321,0.47500000000000003,0.26973684210526316,0.0,0.7047316991494111
서울특별시,송파구,장지동,0.0,0.14601319364350138,0.17500000000000002,0.08552631578947367,0.0,0.14250713064009318
서울특별시,송파구,위례동,0.0,0.14599389058058787,0.07500000000000001,0.0,0.0,0.142488311880112
서울특별시,양천구,목동,0.0,0.7404654933621593,0.5,0.4276315789473684,0.0,0.6066447114588822
서울특별시,양천구,신월동,0.0,0.6049193855835074,0.5750000000000001,0.6118421052631579,0.0,0.49560845608945087
서울특별시,양천구,신정동,0.0,0.8554104072463699,0.625,0.5657894736842105,0.0,0.7008049423989452
서울특별시,영등포구,여의동,0.0,0.16576505276974823,0.15000000000000002,0.0,0.0,0.26978591906960114
서울특별시,영등포구,당산동,0.0,0.28517862571843594,0.17500000000000002,0.019736842105263157,0.0,0.4637653965573641
서울특별시,영등포구,양평동,0.0,0.1939571761549264,0.225,0.013157894736842105,0.0,0.31558216507822956
서울특별시,영등포구,신길동,0.0,0.49307261329691493,0.5,0.2894736842105263,0.0,0.8014754749640252
서울특별시,영등포구,대림동,0.0,0.3107165779530067,0.325,0.29605263157894735,0.0,0.505250116495341
서울특별시,영등포구,영등포동,0.0,0.25299559407589,0.125,0.05921052631578947,0.0,0.41148618316613794
서울특별시,영등포구,도림동,0.0,0.09917913724960309,0.025,0.05263157894736842,0.0,0.16162148866442222
서울특별시,영등포구,문래동,0.0,0.16063043803475516,0.125,0.0,0.0,0.2614450759074682
서울특별시,용산구,후암동,0.0,0.08729327626061066,0.07500000000000001,0.046052631578947366,0.0,0.13185955292645127
서울특별시,용산구,용산동2가,0.0,0.053850719762958396,0.025,0.03289473684210526,0.0,0.08151450116917128
서울특별시,용산구,남영동,0.0,0.038620603124200736,0.0,0.019736842105263157,0.0,0.058586797944643804
서울특별시,용산구,원효로2가,0.0,0.06861273712606349,0.025,0.006578947368421052,0.0,0.10373751896506153
서울특별시,용산구,효창동,0.0,0.0492855453839138,0.025,0.03289473684210526,0.0,0.07464200204039974
서울특별시,용산구,용문동,0.0,0.059559600619628325,0.0,0.013157894736842105,0.0,0.09010875747925241
서울특별시,용산구,이촌동,0.0,0.18171903426776245,0.17500000000000002,0.06578947368421052,0.0,0.27400985995887506
서울특별시,용산구,이태원동,0.0,0.09384184035401819,0.07500000000000001,0.1907894736842105,0.0,0.1417178841291394
서울특별시,용산구,서빙고동,0.0,0.06701540866997072,0.025,0.013157894736842105,0.0,0.10133287074981483
서울특별시,용산구,보광동,0.0,0.07440365600011582,0.025,0.05921052631578947,0.0,0.11245527684510999
서울특별시,용산구,청파동1가,0.0,0.03242431992896473,0.0,0.046052631578947366,0.0,0.049258797012991934
서울특별시,용산구,청파동2가,0.0,0.03242431992896473,0.025,0.006578947368421052,0.0,0.049258797012991934
서울특별시,용산구,청파동3가,0.0,0.03242431992896473,0.0,0.019736842105263157,0.0,0.049258797012991934
서울특별시,용산구,원효로1가,0.0,0.08018974910843979,0.0,0.05263157894736842,0.0,0.1211657699269251
서울특별시,용산구,한강로1가,0.0,0.034996453062189646,0.0,0.019736842105263157,0.0,0.053130934471380134
서울특별시,용산구,한강로2가,0.0,0.03500127882791802,0.025,0.05263157894736842,0.0,0.05313819926961351
서울특별시,용산구,한강로3가,0.0,0.03500127882791802,0.025,0.046052631578947366,0.0,0.05313819926961351
서울특별시,용산구,한남동,0.0,0.11411970794465813,0.125,0.1381578947368421,0.0,0.1722445663057758
서울특별시,은평구,녹번동,0.0,0.18194101949126779,0.1,0.07894736842105263,0.0,0.16792370236834028
서울특별시,은평구,불광동,0.0,0.33128399148734927,0.15000000000000002,0.15789473684210525,0.0,0.30565524855619014
서울특별시,은평구,갈현동,0.0,0.2534588675858142,0.08750000000000001,0.1381578947368421,0.0,0.23388103311135044
서울특별시,은평구,구산동,0.0,0.15869048021194762,0.08750000000000001,0.07236842105263158,0.0,0.1464808940336694
서울특별시,은평구,대조동,0.0,0.1325444814956013,0.025,0.05263157894736842,0.0,0.12236774842195353
서울특별시,은평구,응암동,0.0,0.4076855144990132,0.15000000000000002,0.1644736842105263,0.0,0.3761165481731494
서울특별시,은평구,신사동,0.0,0.2345708205249468,0.1125,0.10526315789473684,0.0,0.21646153294076056
서울특별시,은평구,증산동,0.0,0.07419132230806724,0.025,0.05263157894736842,0.0,0.06855155116524106
서울특별시,은평구,수색동,0.0,0.05378315904276112,0.037500000000000006,0.03289473684210526,0.0,0.0497301239242026
서울특별시,은평구,진관동,0.0,0.2757587310166441,0.1375,0.08552631578947367,0.4,0.2544470807067249
서울특별시,은평구,역촌동,0.0,0.22597130599697907,0.037500000000000006,0.10526315789473684,0.0,0.2085306312279371
서울특별시,종로구,사직동,0.0,0.046776147205157784,0.025,0.019736842105263157,0.0,0.1296478559791263
서울특별시,종로구,삼청동,0.0,0.013492840976541954,0.0,0.019736842105263157,0.0,0.0381974336922956
서울특별시,종로구,부암동,0.0,0.04931932574401244,0.025,0.05263157894736842,0.0,0.13663558579573637
서울특별시,종로구,평창동,0.0,0.0891270672373939,0.05,0.08552631578947367,0.0,0.24601278362726697
서울특별시,종로구,무악동,0.0,0.04091766761090817,0.025,0.05263157894736842,0.0,0.11355088444712505
서울특별시,종로구,교남동,0.0,0.0507718812282539,0.0,0.006578947368421052,0.0,0.14062668005531823
서울특별시,종로구,가회동,0.0,0.020774921460662774,0.025,0.0,0.0,0.05820594278767439
서울특별시,종로구,종로1가,0.0,0.009646705691025523,0.0,0.0,0.0,0.027629652546492488
서울특별시,종로구,종로2가,0.0,0.009646705691025523,0.0,0.019736842105263157,0.0,0.027629652546492488
서울특별시,종로구,종로3가,0.0,0.009646705691025523,0.0,0.019736842105263157,0.0,0.027629652546492488
서울특별시,종로구,종로4가,0.0,0.009651531456753902,0.0,0.019736842105263157,0.0,0.02764291199585987
서울특별시,종로구,종로5가,0.0,0.01318399196992583,0.0,0.02631578947368421,0.0,0.037348828932783185
서울특별시,종로구,종로6가,0.0,0.013188817735654206,0.025,0.0,0.0,0.03736208838215057
서울특별시,종로구,이화동,0.0,0.038596474295558854,0.025,0.013157894736842105,0.0,0.10717308930141452
서울특별시,종로구,창신동,0.0,0.1083915240250747,0.125,0.15789473684210525,0.0,0.29894450550185414
서울특별시,종로구,숭인동,0.0,0.07939832352898597,0.07500000000000001,0.125,0.0,0.21928173370262571
서울특별시,종로구,청운동,0.0,0.06041858691927943,0.05,0.006578947368421052,0.0,0.167132319340714
서울특별시,종로구,혜화동,0.0,0.09468634935648415,0.07500000000000001,0.046052631578947366,0.0,0.2612876692984905
서울특별시,중구,소공동,0.0,0.013985069080836403,0.0,0.019736842105263157,0.0,0.05363350643222049
서울특별시,중구,회현동1가,0.0,0.02723662177095951,0.025,0.013157894736842105,0.0,0.1028880560395621
서울특별시,중구,명동1가,0.0,0.008348574710092125,0.0,0.006578947368421052,0.0,0.03268328285560905
서울특별시,중구,명동2가,0.0,0.008343748944363747,0.025,0.013157894736842105,0.0,0.032665346020355104
서울특별시,중구,필동2가,0.0,0.010925533609045416,0.025,0.019736842105263157,0.0,0.042261552881217364
서울특별시,중구,필동3가,0.0,0.010925533609045416,0.0,0.013157894736842105,0.0,0.042261552881217364
서울특별시,중구,장충동1가,0.0,0.012648331974075987,0.0,0.019736842105263157,0.0,0.04866500306687686
서울특별시,중구,장충동2가,0.0,0.012648331974075987,0.025,0.039473684210526314,0.0,0.04866500306687686
서울특별시,중구,광희1가,0.0,0.014935744929326662,0.0,0.0,0.0,0.05716706297724828
서울특별시,중구,광희2가,0.0,0.014935744929326662,0.0,0.0,0.0,0.05716706297724828
서울특별시,중구,을지로1가,0.0,0.0008107286423673277,0.0,0.006578947368421052,0.0,0.004665946188942041
서울특별시,중구,을지로2가,0.0,0.0008107286423673277,0.0,0.013157894736842105,0.0,0.004665946188942041
서울특별시,중구,을지로3가,0.0,0.0008107286423673277,0.0,0.019736842105263157,0.0,0.004665946188942041
서울특별시,중구,을지로4가,0.0,0.0008107286423673277,0.0,0.013157894736842105,0.0,0.004665946188942041
서울특별시,중구,을지로5가,0.0,0.0008107286423673277,0.0,0.03289473684210526,0.0,0.004665946188942041
서울특별시,중구,을지로6가,0.0,0.0008107286423673277,0.0,0.006578947368421052,0.0,0.004665946188942041
서울특별시,중구,을지로7가,0.0,0.0008107286423673277,0.0,0.013157894736842105,0.0,0.004665946188942041
서울특별시,중구,황학동,0.0,0.06475212454336192,0.05,0.07236842105263158,0.0,0.24232901330375503
서울특별시,중구,중림동,0.0,0.06122931556164675,0.025,0.02631578947368421,0.0,0.22923512356837286
서울특별시,중구,신당동,0.0,0.09624989745247828,0.47500000000000003,0.3684210526315789,0.0,0.35940273700627456
서울특별시,중구,다산동,0.0,0.07051408882304401,0.0,0.0,0.0,0.2637455945969691
서울특별시,중구,약수동,0.0,0.08320102692294701,0.0,0.0,0.0,0.3109015344795988
서울특별시,중구,청구동,0.0,0.06837144883964463,0.0,0.0,0.0,0.25578163974421614
서울특별시,중구,동화동,0.0,0.05170325401383065,0.0,0.0,0.0,0.19382781077707925
서울특별시,중랑구,상봉동,0.0,0.21722219273143167,0.1,0.1644736842105263,0.0,0.2722321870693252
서울특별시,중랑구,중화동,0.0,0.2237224991675554,0.15000000000000002,0.18421052631578946,0.0,0.2803694237880094
서울특별시,중랑구,묵동,0.0,0.2661265026228037,0.125,0.11842105263157894,0.0,0.3334517541867309
서울특별시,중랑구,신내동,0.0,0.29446822474556156,0.17500000000000002,0.11184210526315788,0.2,0.3689305895607711
서울특별시,중랑구,면목동,0.0,0.6908807505030861,0.35000000000000003,0.47368421052631576,0.2,0.8651691272417747
서울특별시,중랑구,망우동,0.0,0.2325005670274731,0.15000000000000002,0.23684210526315788,0.4,0.2913580159122013
전라남도,신안군,지도읍,1.0,0.022608712437446016,0.025,0.0,0.0,0.031008994986382054
전라남도,신안군,압해읍,1.0,0.030981415976180024,0.07500000000000001,0.0,0.0,0.042357478654387895
전라남도,신안군,증도면,0.0,0.008855280111571703,0.025,0.0,0.0,0.012367393572078507
전라남도,신안군,임자면,0.0,0.015331457719053572,0.025,0.0,0.2,0.021145298518743545
전라남도,신안군,자은면,0.0,0.010703548385540076,0.025,0.0,0.0,0.014872563165649827
전라남도,신안군,비금면,0.0,0.017010824192528754,0.025,0.0,0.0,0.023421536165121663
전라남도,신안군,도초면,1.0,0.013488015210813577,0.025,0.0,0.0,0.018646669837949176
전라남도,신안군,흑산면,0.0,0.01969394993750634,0.025,0.0,0.0,0.027058283669105086
전라남도,신안군,하의면,0.0,0.008382355070190762,0.025,0.0,0.0,0.011726384119937542
전라남도,신안군,신의면,0.0,0.007320686609947833,0.025,0.0,0.0,0.010287383309008849
전라남도,신안군,장산면,0.0,0.007339989672861341,0.025,0.0,0.0,0.010313546960116642
전라남도,신안군,안좌면,0.0,0.0147185854715497,0.025,0.0,0.0,0.02031460259607107
전라남도,신안군,팔금면,0.0,0.004545871316131087,0.025,0.0,0.0,0.006526358462263397
전라남도,신안군,암태면,1.0,0.00973356947413631,0.0,0.0,0.0,0.013557839697483155
전라북도,고창군,고창읍,1.0,0.10389873613195574,0.037500000000000006,0.0,0.2,0.08247134354366893
전라북도,고창군,고수면,1.0,0.010592555773787406,0.025,0.0,0.0,0.008460318950908962
전라북도,고창군,아산면,1.0,0.01256629395669358,0.025,0.0,0.0,0.010025899972809083
전라북도,고창군,무장면,1.0,0.013348068004690645,0.025,0.0,0.0,0.010646007859234068
전라북도,고창군,공음면,1.0,0.011827951800251906,0.025,0.0,0.0,0.009440242524518819
전라북도,고창군,상하면,1.0,0.011359852524599342,0.025,0.0,0.0,0.009068943357955708
전라북도,고창군,해리면,1.0,0.0133577195361474,0.05,0.0,0.0,0.010653663512152897
전라북도,고창군,성송면,1.0,0.008396832367375894,0.025,0.0,0.0,0.0067186579118758225
전라북도,고창군,대산면,0.0,0.015920201137915563,0.05,0.0,0.0,0.012686239362101464
전라북도,고창군,심원면,1.0,0.011890686754720806,0.025,0.0,0.0,0.009490004268491196
전라북도,고창군,흥덕면,1.0,0.014679979345722684,0.025,0.0,0.0,0.011702487962032194
전라북도,고창군,성내면,1.0,0.009077265335077044,0.025,0.0,0.0,0.007258381442653124
전라북도,고창군,신림면,1.0,0.010505691990676622,0.05,0.0,0.0,0.00839141807463952
전라북도,고창군,부안면,1.0,0.012407043687657139,0.05,0.0,0.0,0.00989958169964844
전라북도,무주군,무주읍,1.0,0.04554557694442166,0.037500000000000006,0.0,0.0,0.03553188881360016
전라북도,무주군,무풍면,1.0,0.010457434333392851,0.0125,0.0,0.0,0.00819716661594247
전라북도,무주군,설천면,1.0,0.01916794147311325,0.025,0.0,0.2,0.014982914596519022
전라북도,무주군,적상면,1.0,0.012156103869781538,0.025,0.0,0.0,0.009520481457583989
전라북도,무주군,안성면,1.0,0.02013309461878864,0.0125,0.0,0.0,0.015734798029269886
전라북도,무주군,부남면,1.0,0.0063024500412602975,0.025,0.0,0.0,0.004960308437949996
전라북도,정읍시,신태인읍,0.0,0.026787825558220454,0.037500000000000006,0.0,0.0,0.025396474192700556
전라북도,정읍시,북면,0.0,0.021329884519426124,0.037500000000000006,0.0,0.0,0.020250508316792478
전라북도,정읍시,입암면,0.0,0.013367371067604153,0.025,0.0,0.0,0.01274313104424752
전라북도,정읍시,소성면,0.0,0.009878342445987618,0.0125,0.0,0.0,0.009453534821186913
전라북도,정읍시,고부면,0.0,0.013391499896246039,0.0125,0.0,0.0,0.01276588067234614
전라북도,정읍시,영원면,0.0,0.008324445881450239,0.0125,0.0,0.0,0.007988458771635716
전라북도,정읍시,덕천면,0.0,0.00851265074485694,0.025,0.0,0.0,0.00816590587080496
전라북도,정읍시,이평면,0.0,0.009777001365691701,0.0125,0.0,0.0,0.009357986383172704
전라북도,정읍시,정우면,0.0,0.01210784621249777,0.025,0.0,0.0,0.011555600457499501
전라북도,정읍시,태인면,0.0,0.01671645248309776,0.025,0.0,0.0,0.015900779424336126
전라북도,정읍시,감곡면,0.0,0.01332393917604876,0.0125,0.0,0.0,0.012702181713670001
전라북도,정읍시,옹동면,0.0,0.00783221777715579,0.0125,0.0,0.0,0.007524366358423847
전라북도,정읍시,칠보면,0.0,0.010940010906230547,0.025,0.0,0.0,0.01045451845752624
전라북도,정읍시,산내면,0.0,0.005395206084325431,0.0125,0.0,0.0,0.005226653920463118
전라북도,정읍시,산외면,0.0,0.009839736320160603,0.0125,0.0,0.0,0.009417135416229119
전라북도,정읍시,수성동,0.0,0.08662249482436626,0.037500000000000006,0.0,0.0,0.08181100195166108
전라북도,정읍시,장명동,0.0,0.014207054304341743,0.0125,0.0,0.0,0.013534818102079535
전라북도,정읍시,내장상동,0.0,0.09972444877690968,0.0,0.0,0.0,0.09416405000921232
전라북도,정읍시,시기동,0.0,0.0162049213158898,0.025,0.0,0.0,0.015418487308645357
전라북도,정읍시,초산동,0.0,0.05268288445669117,0.0,0.0,0.0,0.04981137506814069
전라북도,정읍시,연지동,0.0,0.029036632387644114,0.037500000000000006,0.0,0.0,0.027516739531492043
전라북도,정읍시,농소동,0.0,0.019669821108864453,0.0,0.0,0.0,0.018685333903607344
전라북도,정읍시,상교동,0.0,0.01859850111716477,0.0,0.0,0.0,0.01767525041602857
충청남도,아산시,염치읍,0.0,0.033138533256764524,0.037500000000000006,0.0,0.0,0.017544230393230064
충청남도,아산시,배방읍,0.0,0.3609334961224973,0.25,0.0,0.0,0.19191878660249068
충청남도,아산시,송악면,1.0,0.020470898219775026,0.025,0.0,0.2,0.010805526361647035
충청남도,아산시,탕정면,0.0,0.10503761684385271,0.0625,0.0,0.0,0.055791830913822685
충청남도,아산시,음봉면,1.0,0.10077646570569586,0.0625,0.0,0.0,0.05352505923386541
충청남도,아산시,둔포면,1.0,0.12075031005544806,0.07500000000000001,0.0,0.0,0.064150391038331
충청남도,아산시,영인면,1.0,0.03032511183712076,0.037500000000000006,0.0,0.0,0.016047596316882292
충청남도,아산시,인주면,1.0,0.03554176458949624,0.025,0.0,0.0,0.01882265881522182
충청남도,아산시,선장면,1.0,0.017136294101466554,0.025,0.0,0.0,0.009031642747999842
충청남도,아산시,도고면,1.0,0.021797983795078687,0.025,0.0,0.0,0.0115114858316224
충청남도,아산시,신창면,0.0,0.12129079581702627,0.0625,0.0,0.0,0.06443790907701187
충청남도,아산시,온양1동,0.0,0.048122535843374954,0.0,0.0,0.0,0.02551515459058828
충청남도,아산시,온양2동,0.0,0.03742863898929163,0.0,0.0,0.0,0.019826404825259516
충청남도,아산시,온양3동,0.0,0.18210026976030422,0.0,0.0,0.0,0.0967862555539558
충청남도,아산시,온양4동,0.0,0.09152064703866887,0.0,0.0,0.2,0.04860131282145541
충청남도,아산시,온양5동,0.0,0.12962006746420487,0.0,0.0,0.0,0.0688687674231118
충청남도,아산시,온양6동,0.0,0.14207536880914579,0.0,0.0,0.0,0.07549451793949877
충청북도,진천군,진천읍,1.0,0.15347865322530052,0.15000000000000002,0.0,0.0,0.21656807294836097
충청북도,진천군,덕산면,0.0,0.1077400456517438,0.0625,0.0,0.0,0.15214535610089264
충청북도,진천군,초평면,1.0,0.01638347464783975,0.05,0.0,0.0,0.023469849386456736
충청북도,진천군,문백면,1.0,0.019467138948272622,0.05,0.0,0.0,0.02781318300805752
충청북도,진천군,백곡면,1.0,0.009912122806086256,0.025,0.0,0.0,0.014354966152393109
충청북도,진천군,이월면,0.0,0.038437224026522415,0.07500000000000001,0.0,0.0,0.054532501422005414
충청북도,진천군,광혜원면,1.0,0.05740730910477221,0.037500000000000006,0.0,0.0,0.08125181983595331
