시도명,시군구명,읍/면/동,위도,경도,설치유무
강원도,강릉시,안현동,37.805803,128.907394,1
강원도,강릉시,견소동,37.7725856,128.947294,1
강원도,강릉시,강동면,37.66579185,129.053418,1
강원도,강릉시,강동면정동,37.686027,129.040439,1
강원도,강릉시,강문동,37.7964859,128.915885,1
강원도,강릉시,강문동,37.800647,128.911907,1
강원도,강릉시,안현동,37.808455,128.903011,1
강원도,강릉시,주문진읍,37.9087699,128.821297,1
강원도,인제군,북면,38.12188505,128.204237,1
강원도,인제군,북면,38.1232232,128.2048958,1
강원도,인제군,북면,38.12388558,128.2055473,1
강원도,인제군,북면,38.1211419,128.2064962,1
강원도,인제군,북면,38.12377538,128.2018486,1
강원도,인제군,북면,38.12234141,128.2023221,1
강원도,인제군,북면,38.12177413,128.2035894,1
강원도,인제군,북면,38.11885566,128.2010841,1
강원도,인제군,북면,38.11979263,128.3180113,1
강원도,인제군,인제읍덕산리215-5(마을공동,38.08890645,128.2029527,1
강원도,인제군,인제읍,38.02825698,128.2938229,1
강원도,인제군,북면월학리1211-3(마을공동,38.14593037,128.2056436,1
강원도,인제군,남면신남리276-8(남면,37.96559459,128.0840277,1
강원도,인제군,남면,37.96854901,128.0873337,1
강원도,인제군,서화면,38.19400847,128.2074705,1
강원도,인제군,서화면마을공동,38.25390361,128.2075634,1
강원도,인제군,기린면,37.95724364,128.3185371,1
강원도,인제군,강원도?인제군?기린면,37.95832485,128.3194073,1
강원도,인제군,기린면,37.9675829,128.3230321,1
강원도,인제군,기린면,37.96145656,128.2955798,1
강원도,인제군,기린면,37.95327141,128.3166457,1
강원도,인제군,기린면,37.94936453,128.3168755,1
강원도,인제군,기린면,37.94770999,128.316826,1
강원도,인제군,기린면,37.95529754,128.3175181,1
강원도,인제군,기린면,37.9552097,128.3174625,1
강원도,인제군,상남면,37.87198686,128.2598385,1
강원도,인제군,상남면,37.87424187,128.2563922,1
강원도,인제군,서화면,38.22433811,128.2096483,1
강원도,인제군,서화면,38.25364319,128.2074308,1
강원도,인제군,서화면,38.23019854,128.2050451,1
강원도,인제군,서화면,38.21919102,128.2005502,1
강원도,인제군,서화면,38.24368169,128.2081456,1
강원도,인제군,북면,38.19644132,128.3456261,1
강원도,인제군,북면,38.13868417,128.2572939,1
강원도,인제군,북면,38.12006917,128.2113969,1
강원도,인제군,북면,38.12391734,128.2207904,1
강원도,인제군,북면,38.13032161,128.2165745,1
강원도,인제군,북면,38.12891822,128.2124992,1
강원도,인제군,북면,38.12517339,128.2047549,1
강원도,인제군,북면,38.1244979,128.2061263,1
강원도,인제군,북면,38.1225886,128.205425,1
강원도,인제군,북면,38.1222766,128.2041462,1
강원도,인제군,인제읍상동,38.06728161,128.176551,1
강원도,인제군,인제읍상동,38.06912091,128.1734253,1
강원도,인제군,인제읍상동,38.06591604,128.1749681,1
강원도,인제군,인제읍상동,38.06591604,128.1749681,1
강원도,인제군,인제읍,38.06207139,128.1680537,1
강원도,인제군,인제읍,38.05819013,128.164151,1
강원도,인제군,인제읍,38.04196363,128.1548172,1
강원도,인제군,인제읍,38.00920643,128.1942906,1
강원도,인제군,인제읍상동,38.06690307,128.1757493,1
강원도,인제군,남면,37.96620007,128.0795125,1
강원도,인제군,북면,38.12371922,128.2100919,1
강원도,인제군,인제읍,38.07072698,128.1781976,1
강원도,인제군,인제읍,38.07546446,128.1809108,1
강원도,인제군,인제읍상동남북면,38.06642075,128.1717795,1
강원도,인제군,강원도?인제군?인제읍?상동,38.06779642,128.1718932,1
강원도,인제군,인제읍상동,38.06567578,128.1716838,1
강원도,인제군,강원도?인제군?북면,38.12357153,128.2064786,1
강원도,인제군,북면,38.1253078,128.219135,1
강원도,인제군,북면,38.12365069,128.204761,1
강원도,인제군,북면,38.12206895,128.2038915,1
강원도,인제군,기린면,37.95675577,128.3189267,1
강원도,인제군,인제읍상동,38.06996976,128.1743405,1
강원도,인제군,인제읍상동,38.07065134,128.1738736,1
강원도,인제군,북면,38.14178144,128.1960511,1
강원도,인제군,북면,38.14670868,128.2069105,1
강원도,인제군,북면,38.12413352,128.1970358,1
강원도,인제군,북면,38.13111521,128.211324,1
강원도,인제군,북면,38.12465151,128.2085092,1
강원도,인제군,북면,38.124032,128.2043419,1
강원도,인제군,북면,38.11796964,128.2003282,1
강원도,인제군,북면,38.1154137,128.198759,1
강원도,인제군,북면,38.11001342,128.1945175,1
강원도,인제군,남면,37.96795495,128.0806872,1
강원도,인제군,남면,38.03606317,128.1513333,1
강원도,인제군,남면,37.96647352,128.0830284,1
강원도,인제군,남면,37.96851398,128.0784862,1
강원도,인제군,인제읍,38.07670785,128.186937,1
강원도,춘천시,후평동,37.8800815,127.7468269,1
강원도,춘천시,후평동,37.8797378,127.7461915,1
강원도,춘천시,효자동,37.8747961,127.7365363,1
강원도,춘천시,효자동,37.873751,127.7353874,1
강원도,춘천시,효자동,37.8690342,127.7326287,1
강원도,춘천시,효자동,37.8687999,127.732575,1
강원도,춘천시,효자동,37.8762979,127.7384645,1
강원도,춘천시,효자동,37.8763885,127.743609,1
강원도,춘천시,효자동,37.876577,127.7437186,1
강원도,춘천시,효자동,37.8764153,127.7439135,1
강원도,춘천시,효자동,37.8767428,127.7441295,1
강원도,춘천시,후평동,37.8768145,127.7447556,1
강원도,춘천시,교동,37.8814641,127.7351336,1
강원도,춘천시,교동,37.8812763,127.7353514,1
강원도,춘천시,교동,37.8815179,127.7358052,1
강원도,춘천시,교동,37.881755,127.736054,1
강원도,춘천시,교동,37.8805894,127.734391,1
강원도,춘천시,교동,37.8805102,127.7348494,1
강원도,춘천시,옥천동,37.8848481,127.7328961,1
강원도,춘천시,옥천동,37.8845255,127.7326068,1
강원도,춘천시,옥천동,37.8842366,127.7323589,1
강원도,춘천시,옥천동,37.8837992,127.732166,1
강원도,춘천시,옥천동,37.8835705,127.7318645,1
강원도,춘천시,옥천동,37.8831646,127.7316465,1
강원도,춘천시,옥천동,37.8829194,127.7312098,1
강원도,춘천시,옥천동,37.8824701,127.731333,1
강원도,춘천시,교동,37.8820528,127.7360841,1
강원도,춘천시,교동,37.8838774,127.7389333,1
강원도,춘천시,교동,37.8832609,127.7396506,1
강원도,춘천시,,37.875891,127.721681,1
강원도,춘천시,,37.875949,127.721621,1
강원도,춘천시,,37.876127,127.721798,1
강원도,춘천시,,37.8760634,127.7222342,1
강원도,춘천시,약사동,37.8734557,127.7225736,1
강원도,춘천시,약사동,37.873644,127.7221853,1
강원도,춘천시,후평동,37.8918453,127.7523259,1
강원도,춘천시,후평동,37.8915142,127.7512696,1
강원도,춘천시,후평동,37.877937,127.745095,1
강원도,춘천시,후평동,37.8781814,127.7456193,1
강원도,춘천시,후평동,37.8780381,127.7464315,1
강원도,춘천시,효자동,37.8729815,127.734549,1
강원도,춘천시,효자동,37.8736853,127.7346215,1
강원도,춘천시,효자동,37.8734419,127.7349634,1
강원도,춘천시,효자동,37.8736577,127.7351377,1
강원도,춘천시,효자동,37.874089,127.7354396,1
강원도,춘천시,효자동,37.8731318,127.7352964,1
강원도,춘천시,효자동,37.87311057,127.7359732,1
강원도,춘천시,효자동,37.8728232,127.7363103,1
강원도,춘천시,효자동,37.8718165,127.736581,1
강원도,춘천시,효자동,37.8716668,127.7369134,1
강원도,춘천시,효자동,37.8714425,127.7373643,1
강원도,춘천시,후평동,37.8868835,127.7541081,1
강원도,춘천시,후평동,37.8869215,127.7537453,1
강원도,춘천시,후평동,37.8885143,127.7536774,1
강원도,춘천시,후평동,37.8886167,127.753967,1
강원도,춘천시,후평동,37.8838885,127.7435625,1
강원도,춘천시,후평동,37.8841076,127.7440312,1
강원도,춘천시,후평동,37.8843059,127.7444751,1
강원도,춘천시,후평동,37.8844579,127.7456182,1
강원도,춘천시,후평동,37.8841798,127.7449359,1
강원도,춘천시,후평동,37.8840333,127.7446693,1
강원도,춘천시,후평동,37.881567,127.7429089,1
강원도,춘천시,옥천동,37.8823758,127.7322803,1
강원도,춘천시,옥천동,37.8827509,127.732412,1
강원도,춘천시,교동,37.8828743,127.7347613,1
강원도,춘천시,교동,37.8832336,127.7358696,1
강원도,춘천시,교동,37.88294314,127.7362893,1
강원도,춘천시,효자동,37.876549,127.7415987,1
강원도,춘천시,효자동,37.8768833,127.7416316,1
강원도,춘천시,효자동,37.8768899,127.7413315,1
강원도,춘천시,효자동,37.8774045,127.7409864,1
강원도,춘천시,효자동,37.8756547,127.7393534,1
강원도,춘천시,효자동,37.8757408,127.7391723,1
강원도,춘천시,효자동,37.8759086,127.7384374,1
강원도,춘천시,효자동,37.8752793,127.7362561,1
강원도,춘천시,효자동,37.8742587,127.7400074,1
강원도,춘천시,효자동,37.874359,127.738913,1
강원도,춘천시,효자동,37.87348974,127.7393002,1
강원도,춘천시,효자동,37.8729639,127.7412475,1
강원도,춘천시,효자동,37.873066,127.7409652,1
강원도,춘천시,효자동,37.872512,127.740293,1
강원도,춘천시,효자동,37.872369,127.740265,1
강원도,춘천시,효자동,37.872419,127.740561,1
강원도,춘천시,효자동,37.872224,127.740598,1
강원도,춘천시,효자동,37.8680172,127.7339076,1
강원도,춘천시,효자동,37.868094,127.7344211,1
강원도,춘천시,효자동,37.8680961,127.7349428,1
강원도,춘천시,효자동,37.86837018,127.7356351,1
강원도,춘천시,효자동,37.870236,127.736961,1
강원도,춘천시,효자동,37.870619,127.737058,1
강원도,춘천시,효자동,37.870304,127.737519,1
강원도,춘천시,효자동,37.870101,127.737982,1
강원도,춘천시,효자동,37.8705154,127.7367184,1
강원도,춘천시,효자동,37.872634,127.734417,1
강원도,춘천시,교동,37.8817894,127.7355508,1
강원도,춘천시,교동,37.8830454,127.7347414,1
강원도,춘천시,조양동,37.8807836,127.7318302,1
강원도,춘천시,조양동,37.8797554,127.7309814,1
강원도,춘천시,약사동,37.8760214,127.7273791,1
강원도,춘천시,후평동,37.874832,127.7543959,1
강원도,춘천시,효자동,37.8731978,127.7447715,1
강원도,춘천시,효자동,37.8753083,127.7412199,1
강원도,춘천시,우두동,37.8991908,127.7280293,1
강원도,춘천시,사농동,37.9140682,127.7236443,1
강원도,춘천시,석사동,37.8474792,127.7542128,1
강원도,춘천시,요선동,37.883149,127.7275984,1
강원도,춘천시,퇴계동,37.8648791,127.7276611,1
강원도,춘천시,퇴계동,37.847501,127.7318461,1
강원도,춘천시,,37.89263679,127.7247308,1
강원도,춘천시,,37.8924375,127.7244818,1
강원도,춘천시,효자동,37.8726488,127.7463022,1
강원도,춘천시,효자동,37.8727792,127.7457754,1
강원도,춘천시,효자동,37.8729309,127.7452917,1
강원도,춘천시,효자동,37.8737486,127.7436624,1
강원도,춘천시,효자동,37.8740342,127.7432251,1
강원도,춘천시,효자동,37.8744185,127.7430191,1
강원도,춘천시,효자동,37.8760119,127.7419654,1
강원도,춘천시,효자동,37.8760119,127.7419654,1
강원도,춘천시,효자동,37.8756072,127.7427319,1
강원도,춘천시,효자동,37.8751897,127.7430095,1
강원도,춘천시,효자동,37.8757642,127.7424403,1
강원도,춘천시,퇴계동,37.84953651,127.7356117,1
강원도,춘천시,신동,37.9404366,127.72684,1
강원도,춘천시,우두동,37.90014149,127.7338802,1
강원도,춘천시,우두동,37.8997735,127.7335709,1
강원도,춘천시,우두동,37.90075948,127.734624,1
강원도,춘천시,사농동,37.92586993,127.7227998,1
강원도,춘천시,신동,37.92420468,127.7381531,1
강원도,춘천시,우두동,37.90666647,127.7439791,1
강원도,춘천시,신동면,37.8138165,127.717207,1
강원도,춘천시,동내면,37.8516264,127.775917,1
강원도,춘천시,동내면,37.85342131,127.771762,1
강원도,춘천시,동내면,37.83507107,127.7581052,1
강원도,춘천시,동산면,37.7537485,127.796296,1
강원도,춘천시,동산면,37.75181193,127.7957962,1
강원도,춘천시,동산면,37.7531295,127.795892,1
강원도,춘천시,사북면,38.0397666,127.640619,1
강원도,춘천시,사북면,38.0231453,127.645509,1
강원도,춘천시,서면,37.93589231,127.703193,1
강원도,춘천시,신북읍,37.93303021,127.7557931,1
강원도,춘천시,신북읍,37.93214115,127.7582339,1
강원도,춘천시,동면,37.897681,127.767788,1
강원도,춘천시,동내면,37.8554787,127.7551749,1
강원도,춘천시,동내면,37.8553768,127.7568753,1
강원도,춘천시,동내면,37.8338849,127.7587727,1
강원도,춘천시,옥천동,37.8832376,127.7301138,1
강원도,춘천시,옥천동,37.8822405,127.7322149,1
강원도,춘천시,옥천동,37.8840324,127.7325188,1
강원도,춘천시,옥천동,37.8840324,127.7325188,1
강원도,춘천시,교동,37.88249876,127.740247,1
강원도,춘천시,교동,37.87850453,127.7357283,1
강원도,춘천시,교동,37.87986837,127.7386744,1
강원도,춘천시,후평동,37.88956988,127.7528458,1
강원도,춘천시,후평동,37.88921156,127.7542575,1
강원도,춘천시,후평동,37.87626734,127.7472139,1
강원도,춘천시,후평동,37.8772663,127.749509,1
강원도,춘천시,후평동,37.87062951,127.7521228,1
강원도,춘천시,효자동,37.8646303,127.737449,1
강원도,춘천시,효자동,37.8742958,127.744842,1
강원도,춘천시,효자동,37.87387061,127.7446103,1
강원도,춘천시,효자동,37.8796445,127.740997,1
강원도,춘천시,석사동,37.85801184,127.7448722,1
강원도,춘천시,석사동,37.85796723,127.7445338,1
강원도,춘천시,석사동,37.8582189,127.7428153,1
강원도,춘천시,석사동,37.85872608,127.7438787,1
강원도,춘천시,석사동,37.85903272,127.7402969,1
강원도,춘천시,퇴계동,37.85271889,127.7209996,1
강원도,춘천시,퇴계동,37.8602937,127.7285768,1
강원도,춘천시,효자동,37.8771989,127.7400755,1
강원도,춘천시,석사동,37.8661105,127.7593803,1
강원도,춘천시,석사동,37.8622011,127.7486792,1
강원도,춘천시,석사동,37.8618726,127.7471915,1
강원도,춘천시,석사동,37.8614812,127.7420411,1
강원도,춘천시,석사동,37.8515712,127.7510084,1
강원도,춘천시,석사동,37.8480978,127.7523234,1
강원도,춘천시,석사동,37.857875,127.752023,1
강원도,춘천시,석사동,37.865092,127.749125,1
강원도,춘천시,석사동,37.8675559,127.7603371,1
강원도,춘천시,퇴계동,37.8650772,127.7291292,1
강원도,춘천시,퇴계동,37.8634168,127.7304498,1
강원도,춘천시,퇴계동,37.863495,127.729761,1
강원도,춘천시,퇴계동,37.8635622,127.7321745,1
강원도,춘천시,퇴계동,37.8633159,127.7324459,1
강원도,춘천시,퇴계동,37.8629284,127.7340191,1
강원도,춘천시,퇴계동,37.86481036,127.7274083,1
강원도,춘천시,퇴계동,37.8658196,127.7283702,1
강원도,춘천시,우두동,37.9040012,127.7423817,1
강원도,춘천시,우두동,37.9056614,127.743844,1
강원도,춘천시,우두동,37.9115085,127.7427786,1
강원도,춘천시,사농동,37.924904,127.7214704,1
강원도,춘천시,신동,37.9272591,127.7225149,1
강원도,춘천시,우두동,37.9064797,127.7435182,1
강원도,춘천시,사농동,37.90501572,127.7229419,1
강원도,춘천시,우두동,37.913405,127.730847,1
강원도,춘천시,동면,37.874873,127.780806,1
강원도,춘천시,동면,37.888921,127.758999,1
강원도,춘천시,근화동,37.876112,127.7175303,1
강원도,춘천시,후평동,37.881414,127.742029,1
강원도,춘천시,후평동,37.8859969,127.7528195,1
강원도,춘천시,후평동,37.881234,127.742291,1
강원도,춘천시,후평동,37.8809946,127.7461189,1
강원도,춘천시,후평동,37.8806124,127.7469001,1
강원도,춘천시,후평동,37.881042,127.7461734,1
강원도,춘천시,후평동,37.8800168,127.7443933,1
강원도,춘천시,후평동,37.8802729,127.7461373,1
강원도,춘천시,후평동,37.881042,127.7461734,1
강원도,춘천시,후평동,37.8806383,127.7469819,1
강원도,춘천시,후평동,37.8787842,127.7456491,1
강원도,춘천시,후평동,37.8783388,127.7459348,1
강원도,춘천시,후평동,37.8780835,127.7461824,1
강원도,춘천시,효자동,37.873775,127.732369,1
강원도,춘천시,효자동,37.8719457,127.7311553,1
강원도,춘천시,효자동,37.8719457,127.7311553,1
강원도,춘천시,효자동,37.8712073,127.7297724,1
강원도,춘천시,효자동,37.8712595,127.7289641,1
강원도,춘천시,효자동,37.8708316,127.7293759,1
강원도,춘천시,효자동,37.8784435,127.7414352,1
강원도,춘천시,효자동,37.8768769,127.7383124,1
강원도,춘천시,효자동,37.8775398,127.7406313,1
강원도,춘천시,효자동,37.8782889,127.7416028,1
강원도,춘천시,효자동,37.8782889,127.7416028,1
강원도,춘천시,효자동,37.8751659,127.7416058,1
강원도,춘천시,효자동,37.8753083,127.7412199,1
강원도,춘천시,효자동,37.8768103,127.7411942,1
강원도,춘천시,퇴계동,37.8615059,127.7242788,1
강원도,춘천시,퇴계동,37.8611956,127.7245243,1
강원도,춘천시,퇴계동,37.8567303,127.7336357,1
강원도,춘천시,퇴계동,37.8563011,127.7339334,1
강원도,춘천시,우두동,37.8986936,127.7396679,1
강원도,춘천시,우두동,37.9025047,127.7428407,1
강원도,춘천시,우두동,37.9028015,127.7433957,1
강원도,춘천시,우두동,37.9032418,127.7432782,1
강원도,춘천시,우두동,37.9038971,127.7434248,1
강원도,춘천시,우두동,37.904721,127.743679,1
강원도,춘천시,신북읍,37.9252602,127.7421313,1
강원도,춘천시,신북읍,37.9311739,127.7406511,1
강원도,춘천시,교동,37.8829754,127.7384943,1
강원도,춘천시,교동,37.88116455,127.7331389,1
강원도,춘천시,운교동,37.8781987,127.7346633,1
강원도,춘천시,운교동,37.8582356,127.7596348,1
강원도,춘천시,운교동,37.8783188,127.7316118,1
강원도,춘천시,조양동,37.8793195,127.7310614,1
강원도,춘천시,운교동,37.876947,127.7346087,1
강원도,춘천시,,37.8931528,127.7275308,1
강원도,춘천시,,37.8931922,127.7273988,1
강원도,춘천시,,37.8926548,127.7272223,1
강원도,춘천시,근화동,37.8913719,127.7238139,1
강원도,춘천시,근화동,37.8916982,127.7238854,1
강원도,춘천시,근화동,37.8808475,127.7138358,1
강원도,춘천시,근화동,37.88080598,127.7140847,1
강원도,춘천시,근화동,37.8749651,127.7147054,1
강원도,춘천시,퇴계동,37.8597479,127.7265594,1
강원도,춘천시,퇴계동,37.859462,127.7272412,1
강원도,춘천시,퇴계동,37.860683,127.723827,1
강원도,춘천시,퇴계동,37.8609052,127.7240412,1
경기도,가평군,설악면,37.68019575,127.4933593,1
경기도,가평군,설악면,37.68072069,127.4927846,1
경기도,가평군,조종면,37.80834354,127.3646498,1
경기도,가평군,조종면,37.82456774,127.3502588,1
경기도,가평군,조종면,37.83037242,127.3462877,1
경기도,가평군,청평면,37.73565687,127.4161969,1
경기도,가평군,청평면,37.73332748,127.4226955,1
경기도,가평군,조종면,37.85545373,127.3982298,1
경기도,가평군,가평읍,37.82792431,127.5164959,1
경기도,가평군,가평읍,37.8227904,127.5120195,1
경기도,가평군,북면,37.87805872,127.5490444,1
경기도,가평군,상면,37.80506389,127.3558109,1
경기도,가평군,설악면,37.67753327,127.4923102,1
경기도,가평군,조종면,37.82789423,127.3495702,1
경기도,가평군,조종면,37.86575557,127.3482019,1
경기도,가평군,가평읍,37.8418754,127.5049707,1
경기도,가평군,가평읍,37.83223588,127.5069727,1
경기도,가평군,가평읍,37.82010041,127.5048345,1
경기도,가평군,가평읍,37.82893214,127.5167755,1
경기도,가평군,가평읍,37.83623235,127.5078292,1
경기도,가평군,가평읍,37.83512516,127.5076058,1
경기도,가평군,가평읍,37.83351025,127.5081287,1
경기도,가평군,가평읍,37.83012133,127.5147165,1
경기도,가평군,가평읍,37.82342616,127.5149996,1
경기도,가평군,가평읍,37.82378859,127.5145251,1
경기도,가평군,북면,37.8759499,127.5294112,1
경기도,가평군,상면,37.7999834,127.3585345,1
경기도,가평군,상면,37.80440376,127.3566253,1
광주광역시,광산구,신창동,35.188144,126.8406288,1
광주광역시,광산구,월계동,35.21089134,126.8361279,1
광주광역시,광산구,월계동,35.2109717,126.839053,1
광주광역시,광산구,월계동,35.21089807,126.8398045,1
광주광역시,광산구,월계동,35.21089807,126.8398045,1
광주광역시,광산구,월계동,35.21231246,126.8416545,1
광주광역시,광산구,월계동,35.21308691,126.8394675,1
광주광역시,광산구,월계동,35.21227752,126.8373274,1
광주광역시,광산구,월곡동,35.169241,126.8079725,1
광주광역시,광산구,월곡동,35.16851705,126.8153707,1
광주광역시,광산구,월곡동,35.16798608,126.8133284,1
광주광역시,광산구,월곡동,35.16990446,126.8137483,1
광주광역시,광산구,월곡동,35.16906865,126.8142918,1
광주광역시,광산구,월곡동,35.16715346,126.8128951,1
광주광역시,광산구,월곡동,35.16740982,126.8115076,1
광주광역시,광산구,월곡동,35.17048589,126.8109912,1
광주광역시,광산구,월곡동,35.17013083,126.8100005,1
광주광역시,광산구,월곡동,35.16847271,126.8097251,1
광주광역시,광산구,월곡동,35.16745969,126.8099626,1
광주광역시,광산구,월곡동,35.17123421,126.8071677,1
광주광역시,광산구,월곡동,35.16995717,126.8060999,1
광주광역시,광산구,월곡동,35.17040236,126.8057119,1
광주광역시,광산구,월곡동,35.17057925,126.8070349,1
광주광역시,광산구,월곡동,35.171787,126.8075583,1
광주광역시,광산구,월곡동,35.17456912,126.8074988,1
광주광역시,광산구,산정동,35.17268454,126.8061248,1
광주광역시,광산구,산정동,35.17245755,126.8061094,1
광주광역시,광산구,산정동,35.17377561,126.8052126,1
광주광역시,광산구,산정동,35.170994,126.8037736,1
광주광역시,광산구,산정동,35.16965821,126.80493,1
광주광역시,광산구,산정동,35.17041847,126.8051325,1
광주광역시,광산구,산정동,35.167143,126.8024961,1
광주광역시,광산구,산정동,35.16913409,126.803491,1
광주광역시,광산구,산정동,35.16674173,126.8038414,1
광주광역시,광산구,산정동,35.172055,126.7924477,1
광주광역시,광산구,서봉동,35.152461,126.7694622,1
광주광역시,광산구,소촌동,35.14283755,126.7939748,1
광주광역시,광산구,소촌동,35.14483735,126.7955937,1
광주광역시,광산구,소촌동,35.15143409,126.8008777,1
광주광역시,광산구,소촌동,35.1454036,126.7914783,1
광주광역시,광산구,송정동,35.137612,126.7952526,1
광주광역시,광산구,송정동,35.13942577,126.7948008,1
광주광역시,광산구,송정동,35.13814896,126.7957379,1
광주광역시,광산구,송정동,35.14024966,126.7960563,1
광주광역시,광산구,송정동,35.14015106,126.7961676,1
광주광역시,광산구,송정동,35.13850047,126.7981501,1
광주광역시,광산구,송정동,35.13801417,126.801854,1
광주광역시,광산구,신가동,35.18492202,126.8292812,1
광주광역시,광산구,신가동,35.18364541,126.8296475,1
광주광역시,광산구,신가동,35.18604728,126.8367358,1
광주광역시,광산구,신가동,35.1836196,126.8348339,1
광주광역시,광산구,신창동,35.1819749,126.8402779,1
광주광역시,광산구,신창동,35.18989503,126.8372439,1
광주광역시,광산구,신창동,35.1884318,126.837264,1
광주광역시,광산구,신창동,35.19356381,126.8431138,1
광주광역시,광산구,신창동,35.19356381,126.8431138,1
광주광역시,광산구,신창동,35.19899454,126.8419967,1
광주광역시,광산구,신창동,35.19734305,126.8406656,1
광주광역시,광산구,신창동,35.19734305,126.8406656,1
광주광역시,광산구,신창동,35.19442636,126.8380803,1
광주광역시,광산구,도산동,35.12891215,126.7882202,1
광주광역시,광산구,도산동,35.1315228,126.7905782,1
광주광역시,광산구,도산동,35.12959615,126.7888144,1
광주광역시,광산구,도산동,35.12867488,126.7889789,1
광주광역시,광산구,도산동,35.13004152,126.7908446,1
광주광역시,광산구,도산동,35.132557,126.7915944,1
광주광역시,광산구,도산동,35.12826188,126.7942208,1
광주광역시,광산구,도산동,35.13010055,126.794851,1
광주광역시,광산구,도산동,35.13352857,126.7929178,1
광주광역시,광산구,도산동,35.133518,126.7927315,1
광주광역시,광산구,복룡동,35.10938063,126.7860375,1
광주광역시,광산구,본덕동,35.081603,126.7851236,1
광주광역시,광산구,비아동,35.22194505,126.8190402,1
광주광역시,광산구,비아동,35.22194505,126.8190402,1
광주광역시,광산구,비아동,35.22040525,126.8211456,1
광주광역시,광산구,비아동,35.22103102,126.8205711,1
광주광역시,광산구,비아동,35.22120792,126.8171788,1
광주광역시,광산구,비아동,35.222061,126.8207994,1
광주광역시,광산구,비아동,35.22151903,126.8218682,1
광주광역시,광산구,비아동,35.2239934,126.8193659,1
광주광역시,광산구,산정동,35.17628403,126.8064757,1
광주광역시,광산구,산정동,35.17655112,126.8049723,1
광주광역시,광산구,사직동,35.14442796,126.8011232,1
광주광역시,광산구,사직동,35.1449087,126.801264,1
광주광역시,광산구,사직동,35.115827,,1
광주광역시,광산구,사직동,35.12470453,126.7629233,1
광주광역시,광산구,사직동,35.12338476,126.7595867,1
광주광역시,광산구,사직동,35.135372,126.7492688,1
광주광역시,광산구,사직동,35.162945,126.8091333,1
광주광역시,광산구,우산동,35.15375663,126.8110134,1
광주광역시,광산구,우산동,35.15400993,126.8131765,1
광주광역시,광산구,우산동,35.153463,126.8141468,1
광주광역시,광산구,우산동,35.15548465,126.8116032,1
광주광역시,광산구,우산동,35.154873,126.8096768,1
광주광역시,광산구,우산동,35.16252597,126.8101039,1
광주광역시,광산구,우산동,35.16271326,126.8093494,1
광주광역시,광산구,우산동,35.162801,126.8065164,1
광주광역시,광산구,우산동,35.16287613,126.8059395,1
광주광역시,광산구,우산동,35.16329365,126.802547,1
광주광역시,광산구,우산동,35.16325948,126.8067914,1
광주광역시,광산구,운남동,35.167955,126.8189212,1
광주광역시,광산구,운남동,35.17516927,126.821097,1
광주광역시,광산구,운남동,35.1762197,126.8240465,1
광주광역시,광산구,운수동,35.152234,126.7860252,1
광주광역시,광산구,운수동,35.15231928,126.7765627,1
광주광역시,광산구,월계동,35.21136324,126.8332497,1
광주광역시,광산구,월계동,35.209716,,1
광주광역시,광산구,월계동,35.20942597,126.8343717,1
광주광역시,광산구,월계동,35.20790775,126.835507,1
광주광역시,광산구,신촌동,35.145247,126.8100663,1
광주광역시,광산구,신촌동,35.145288,126.8110566,1
광주광역시,광산구,신촌동,35.14958378,126.8069485,1
광주광역시,광산구,신촌동,35.1465963,126.8049112,1
광주광역시,남구,사직동,35.1333207,126.9047872,1
광주광역시,남구,사직동,35.13341232,126.9065694,1
광주광역시,남구,사직동,35.13341232,126.9065694,1
광주광역시,남구,사직동,35.13341232,126.9065694,1
광주광역시,남구,사직동,35.13360059,126.9085563,1
광주광역시,남구,사직동,35.13341183,126.9088925,1
광주광역시,남구,사직동,35.13375509,126.9101244,1
광주광역시,남구,사직동,35.13370376,126.9126536,1
광주광역시,남구,사직동,35.13392087,126.9131188,1
광주광역시,남구,사직동,35.13402721,126.9137188,1
광주광역시,남구,사직동,35.13607575,126.9174994,1
광주광역시,남구,사직동,35.13609147,126.8985422,1
광주광역시,남구,사직동,35.12920853,126.8952049,1
광주광역시,남구,사직동,35.13444246,126.8963409,1
광주광역시,남구,사직동,35.14586138,126.9096449,1
광주광역시,남구,사직동,35.12981779,126.8987358,1
광주광역시,남구,사직동,35.12416236,126.917793,1
광주광역시,남구,사직동,35.12797467,126.8979738,1
광주광역시,남구,사직동,35.12854276,126.8977149,1
광주광역시,남구,사직동,35.12885311,126.8971981,1
광주광역시,남구,사직동,35.13089534,126.8997843,1
광주광역시,남구,사직동,35.13161158,126.8996995,1
광주광역시,남구,사직동,35.13195688,126.8996817,1
광주광역시,남구,사직동,35.13225608,126.9010423,1
광주광역시,남구,사직동,35.14747532,126.9079211,1
광주광역시,남구,사직동,35.13623251,126.9115031,1
광주광역시,남구,사직동,35.12765662,126.9194543,1
광주광역시,남구,사직동,35.1293982,126.9189914,1
광주광역시,남구,사직동,35.12625089,126.9188328,1
광주광역시,남구,사직동,35.13054172,126.9189392,1
광주광역시,남구,사직동,35.13102065,126.9189867,1
광주광역시,남구,사직동,35.1334163,126.9187272,1
광주광역시,남구,사직동,35.12537581,126.918507,1
광주광역시,남구,사직동,35.12778999,126.9192756,1
광주광역시,남구,사직동,35.12778999,126.9192756,1
광주광역시,남구,사직동,35.12891603,126.9177381,1
광주광역시,남구,사직동,35.12891603,126.9177381,1
광주광역시,남구,사직동,35.12888076,126.9183767,1
광주광역시,남구,사직동,35.13041717,126.918292,1
광주광역시,남구,사직동,35.13104722,126.9182795,1
광주광역시,남구,사직동,35.13207334,126.918424,1
광주광역시,남구,사직동,35.13242731,126.9180278,1
광주광역시,남구,사직동,35.1334163,126.9187272,1
광주광역시,남구,사직동,35.12115255,126.9161268,1
광주광역시,남구,사직동,35.12258912,126.9180699,1
광주광역시,남구,사직동,35.12840124,126.9041,1
광주광역시,남구,사직동,35.12777648,126.9046458,1
광주광역시,남구,사직동,35.12714108,126.9055229,1
광주광역시,남구,사직동,35.12626432,126.9059886,1
광주광역시,남구,사직동,35.12613444,126.9056406,1
광주광역시,남구,사직동,35.12607137,126.9056755,1
광주광역시,남구,사직동,35.12524292,126.906597,1
광주광역시,남구,사직동,35.12524292,126.906597,1
광주광역시,남구,사직동,35.12504979,126.9068749,1
광주광역시,남구,사직동,35.13051709,126.9110622,1
광주광역시,남구,사직동,35.13193718,126.9105571,1
광주광역시,남구,사직동,35.12363977,126.9127892,1
광주광역시,남구,사직동,35.12389152,126.912292,1
광주광역시,남구,사직동,35.1254377,126.9133917,1
광주광역시,남구,사직동,35.12657942,126.9114702,1
광주광역시,남구,사직동,35.12931103,126.9111395,1
광주광역시,남구,사직동,35.1426119,126.9149075,1
광주광역시,남구,사직동,35.14278826,126.9125685,1
광주광역시,남구,사직동,35.14299682,126.9146997,1
광주광역시,남구,사직동,35.13761737,126.8969162,1
광주광역시,남구,사직동,35.14462178,126.9054545,1
광주광역시,남구,사직동,35.11799428,126.8991215,1
광주광역시,남구,사직동,35.11902611,126.8986225,1
광주광역시,남구,사직동,35.12161729,126.8982296,1
광주광역시,남구,사직동,35.12182201,126.8990112,1
광주광역시,남구,사직동,35.12364331,126.8976153,1
광주광역시,남구,사직동,35.12395134,126.8985086,1
광주광역시,남구,사직동,35.12628617,126.8973649,1
광주광역시,남구,사직동,35.1264018,126.8981972,1
광주광역시,남구,사직동,35.13961821,126.9062361,1
광주광역시,남구,사직동,35.14104077,126.9059311,1
광주광역시,남구,사직동,35.1258657,126.9081713,1
광주광역시,남구,사직동,35.1258657,126.9081713,1
광주광역시,남구,사직동,35.12590063,126.9108893,1
광주광역시,남구,사직동,35.12596261,126.9128306,1
광주광역시,남구,사직동,35.12570777,126.9157268,1
광주광역시,남구,사직동,35.13290647,126.9024479,1
광주광역시,남구,사직동,35.12473714,126.908109,1
광주광역시,남구,사직동,35.13198938,126.9021783,1
광주광역시,남구,사직동,35.12390027,126.9094798,1
광주광역시,남구,사직동,35.12358051,126.9099088,1
광주광역시,남구,사직동,35.12267311,126.9110101,1
광주광역시,남구,사직동,35.13154826,126.9024083,1
광주광역시,남구,사직동,35.12276973,126.9131097,1
광주광역시,남구,사직동,35.12352917,126.9135486,1
광주광역시,남구,사직동,35.12334531,126.9140861,1
광주광역시,남구,사직동,35.12279636,126.9143087,1
광주광역시,남구,사직동,35.12279636,126.9143087,1
광주광역시,남구,사직동,35.12286514,126.9152194,1
광주광역시,남구,사직동,35.12286514,126.9152194,1
광주광역시,남구,사직동,35.12237704,126.9161067,1
광주광역시,남구,사직동,35.13271129,126.9017426,1
광주광역시,남구,사직동,35.12280916,126.9176864,1
광주광역시,남구,사직동,35.13058767,126.9030754,1
광주광역시,남구,사직동,35.13058767,126.9030754,1
광주광역시,남구,사직동,35.13010089,126.9038034,1
광주광역시,남구,사직동,35.1311428,126.9025926,1
광주광역시,남구,사직동,35.12905715,126.9038573,1
광주광역시,남구,사직동,35.13329658,126.9044824,1
광주광역시,남구,사직동,35.13310734,126.9051176,1
광주광역시,남구,사직동,35.13286991,126.9008309,1
광주광역시,남구,사직동,35.13506178,126.8984655,1
광주광역시,남구,사직동,35.1371492,126.9204772,1
광주광역시,남구,사직동,35.13607263,126.918879,1
광주광역시,남구,사직동,35.13959815,126.8946572,1
광주광역시,남구,사직동,35.13415332,126.9147584,1
광주광역시,남구,사직동,35.13503736,126.9017529,1
광주광역시,남구,사직동,35.13569992,126.9018234,1
광주광역시,남구,사직동,35.13817423,126.8999242,1
광주광역시,남구,사직동,35.13394247,126.9020768,1
광주광역시,남구,사직동,35.13449365,126.9205493,1
광주광역시,남구,사직동,35.13388915,126.9185792,1
광주광역시,남구,사직동,35.13733904,126.912023,1
광주광역시,남구,사직동,35.13880107,126.9155944,1
광주광역시,남구,사직동,35.1356778,126.9097802,1
광주광역시,남구,사직동,35.14030788,126.9154741,1
광주광역시,남구,사직동,35.13387914,126.9023516,1
광주광역시,남구,사직동,35.13446345,126.902521,1
광주광역시,남구,사직동,35.13447002,126.9108167,1
광주광역시,남구,사직동,35.14238102,126.9068774,1
광주광역시,남구,사직동,35.14281562,126.9061295,1
광주광역시,남구,사직동,35.13587558,126.9084842,1
광주광역시,남구,사직동,35.13715641,126.9062344,1
광주광역시,남구,사직동,35.13737761,126.9074139,1
광주광역시,남구,사직동,35.13450662,126.9097301,1
광주광역시,남구,사직동,35.13827758,126.9065353,1
광주광역시,남구,사직동,35.13936442,126.9058079,1
광주광역시,남구,효덕동,35.113456,126.898416,1
광주광역시,남구,사직동,35.114123,126.901617,1
광주광역시,남구,사직동,35.145212,126.911723,1
광주광역시,남구,사직동,35.144234,126.909773,1
광주광역시,남구,사직동,35.138547,126.916686,1
광주광역시,남구,사직동,35.133349,126.898214,1
광주광역시,남구,사직동,35.13759087,126.891558,1
광주광역시,남구,사직동,35.130888,126.896668,1
광주광역시,남구,사직동,35.083882,126.831729,1
광주광역시,남구,사직동,35.128924,126.907748,1
광주광역시,남구,사직동,35.128472,126.926612,1
광주광역시,남구,사직동,35.05618024,126.783201,1
광주광역시,남구,대촌동,35.080162,126.834491,1
광주광역시,남구,사직동,35.135484,126.909521,1
광주광역시,남구,사직동,35.140503,126.901654,1
광주광역시,남구,사직동,35.133909,126.903401,1
광주광역시,남구,사직동,35.135918,126.895479,1
광주광역시,남구,사직동,35.137322,126.892627,1
광주광역시,남구,사직동,35.132385,126.904218,1
광주광역시,남구,사직동,35.135121,126.900958,1
광주광역시,남구,사직동,35.138524,126.891959,1
광주광역시,남구,사직동,35.138438,126.888591,1
광주광역시,남구,사직동,35.137755,126.889375,1
광주광역시,남구,사직동,35.135504,126.891941,1
광주광역시,남구,사직동,35.114075,126.896502,1
광주광역시,남구,사직동,35.125925,126.895318,1
광주광역시,남구,사직동,35.128522,126.893964,1
광주광역시,남구,사직동,35.129177,126.894827,1
광주광역시,남구,사직동,35.135365,126.893699,1
광주광역시,남구,사직동,35.138189,126.905082,1
광주광역시,남구,사직동,35.139763,126.907006,1
광주광역시,남구,사직동,35.1349832,126.906321,1
광주광역시,남구,사직동,35.149444,126.899898,1
광주광역시,남구,사직동,35.147219,126.888319,1
광주광역시,남구,사직동,35.129086,126.911705,1
광주광역시,남구,사직동,35.128489,126.912367,1
광주광역시,남구,사직동,35.124226,126.916633,1
광주광역시,남구,사직동,35.111271,126.900585,1
광주광역시,남구,대촌동,35.08492649,126.873502,1
광주광역시,남구,사직동,35.140701,126.914382,1
광주광역시,남구,사직동,,126.915569,1
광주광역시,남구,사직동,35.134013,126.913737,1
광주광역시,남구,사직동,35.133448,126.914626,1
광주광역시,남구,사직동,35.127244,126.913437,1
광주광역시,남구,사직동,35.149097,126.895104,1
광주광역시,남구,사직동,35.145853,126.895573,1
광주광역시,남구,사직동,35.140425,126.895379,1
광주광역시,남구,사직동,35.139852,126.893843,1
광주광역시,남구,사직동,35.13857611,126.891012,1
광주광역시,남구,사직동,35.12982701,126.8918786,1
광주광역시,남구,사직동,35.141115,126.888419,1
광주광역시,남구,사직동,35.108104,126.876273,1
광주광역시,남구,사직동,35.145249,126.911526,1
광주광역시,남구,사직동,35.137169,126.916326,1
광주광역시,남구,사직동,35.140313,126.911114,1
광주광역시,남구,사직동,35.146375,126.889278,1
광주광역시,남구,사직동,35.146536,126.887964,1
광주광역시,남구,사직동,35.124102,126.896061,1
광주광역시,남구,사직동,35.138249,126.908721,1
광주광역시,남구,사직동,35.133948,126.917219,1
광주광역시,남구,사직동,35.127444,126.903386,1
광주광역시,남구,사직동,35.117694,126.897564,1
광주광역시,남구,사직동,35.118354,126.894912,1
광주광역시,남구,사직동,35.118637,126.896094,1
광주광역시,남구,사직동,35.143243,126.900854,1
광주광역시,남구,사직동,35.146625,126.895535,1
광주광역시,남구,사직동,35.134782,126.907294,1
광주광역시,남구,사직동,35.141927,126.897187,1
광주광역시,남구,사직동,35.130622,126.912771,1
광주광역시,남구,사직동,35.132838,126.916533,1
광주광역시,남구,사직동,35.130915,126.915052,1
광주광역시,남구,사직동,35.127497,126.907941,1
광주광역시,남구,사직동,35.133181,126.914887,1
광주광역시,남구,사직동,35.139305,126.889447,1
광주광역시,남구,사직동,35.137927,126.8888377,1
광주광역시,남구,사직동,35.140054,126.887945,1
광주광역시,남구,사직동,35.14288682,126.914432,1
광주광역시,남구,사직동,35.143058,126.914166,1
광주광역시,남구,사직동,35.14477608,126.9104197,1
광주광역시,남구,사직동,35.14296998,126.9152397,1
광주광역시,남구,사직동,35.14172097,126.916551,1
광주광역시,남구,사직동,35.13221808,126.9243773,1
광주광역시,남구,사직동,35.13097596,126.9224549,1
광주광역시,남구,사직동,35.13468358,126.9198852,1
광주광역시,남구,사직동,35.1342834,126.9212999,1
광주광역시,남구,사직동,35.13193225,126.8933304,1
광주광역시,남구,사직동,35.13118379,126.8944901,1
광주광역시,남구,사직동,35.13052654,126.8948316,1
광주광역시,남구,사직동,35.12767693,126.8967859,1
광주광역시,남구,사직동,35.12947478,126.8972941,1
광주광역시,남구,사직동,35.13033434,126.8871798,1
광주광역시,남구,사직동,35.13047696,126.8878926,1
광주광역시,남구,사직동,35.13007561,126.8888949,1
광주광역시,남구,사직동,35.13376362,126.8906781,1
광주광역시,남구,사직동,35.13021571,126.8897195,1
광주광역시,남구,사직동,35.13021571,126.8897195,1
광주광역시,남구,사직동,35.13141554,126.8908399,1
광주광역시,남구,사직동,35.13194751,126.8924363,1
광주광역시,남구,사직동,35.13299926,126.8925814,1
광주광역시,남구,사직동,35.13298405,126.8939374,1
광주광역시,남구,사직동,35.13369426,126.8943831,1
광주광역시,남구,사직동,35.13388704,126.8952968,1
광주광역시,남구,사직동,35.1344093,126.8969862,1
광주광역시,남구,사직동,35.13476545,126.8995904,1
광주광역시,남구,사직동,35.13602966,126.9008514,1
광주광역시,남구,사직동,35.13615618,126.9010354,1
광주광역시,남구,사직동,35.13713801,126.9013416,1
광주광역시,남구,사직동,35.12906762,126.8954929,1
광주광역시,남구,사직동,35.12450941,126.9176927,1
광주광역시,남구,사직동,35.12493062,126.9181026,1
광주광역시,남구,사직동,35.12613084,126.9140151,1
광주광역시,남구,사직동,35.13607575,126.9174994,1
광주광역시,남구,사직동,35.1416603,126.9083074,1
광주광역시,남구,사직동,35.13772661,126.9141423,1
광주광역시,남구,사직동,35.1394065,126.9134123,1
광주광역시,남구,사직동,35.1399432,126.9128156,1
광주광역시,남구,사직동,35.14011029,126.9105687,1
광주광역시,남구,사직동,35.14115703,126.9105447,1
광주광역시,남구,사직동,35.14707323,126.9100957,1
광주광역시,남구,사직동,35.14707323,126.9100957,1
광주광역시,남구,사직동,35.14594169,126.9092773,1
광주광역시,남구,사직동,35.144953,126.9093061,1
광주광역시,남구,사직동,35.14554634,126.9099916,1
광주광역시,남구,사직동,35.14393906,126.9040324,1
광주광역시,남구,사직동,35.14345724,126.9045554,1
광주광역시,남구,사직동,35.1437118,126.9071207,1
광주광역시,남구,사직동,35.14399774,126.9081121,1
광주광역시,남구,사직동,35.14444218,126.9078402,1
광주광역시,남구,사직동,35.1445615,126.9080536,1
광주광역시,남구,사직동,35.13695846,126.9043726,1
광주광역시,남구,사직동,35.1375074,126.9062378,1
광주광역시,남구,사직동,35.13654029,126.9020821,1
광주광역시,남구,사직동,35.14790588,126.9078967,1
광주광역시,남구,사직동,35.1457889,126.9120791,1
광주광역시,남구,사직동,35.14565736,126.9121576,1
광주광역시,남구,사직동,35.14485836,126.9127347,1
부산광역시,서구,서대신3동,35.112277,129.010547,1
부산광역시,서구,충무동,35.097598,129.022605,1
부산광역시,서구,충무동,35.098118,129.020759,1
부산광역시,서구,충무동,35.098014,129.024278,1
부산광역시,서구,충무동,35.101017,129.019934,1
부산광역시,서구,충무동,35.101148,129.022388,1
부산광역시,서구,충무동,35.096623,129.023795,1
부산광역시,서구,충무동,35.095164,129.024359,1
부산광역시,서구,충무동,35.097681,129.025253,1
부산광역시,서구,충무동,35.097097,129.025947,1
부산광역시,서구,충무동,35.094985,129.025414,1
부산광역시,서구,충무동,35.095535,129.024197,1
부산광역시,서구,초장동,35.094997,129.020625,1
부산광역시,서구,초장동,35.092504,129.017599,1
부산광역시,서구,암남동,35.073955,129.009449,1
부산광역시,서구,암남동,35.077899,129.011742,1
부산광역시,서구,암남동,35.06336349,129.0192884,1
부산광역시,서구,암남동,35.069755,129.019057,1
부산광역시,서구,암남동,35.066897,129.012817,1
부산광역시,서구,암남동,35.067157,129.010445,1
부산광역시,서구,암남동,35.081219,129.024626,1
부산광역시,서구,암남동,35.080507,129.023315,1
부산광역시,서구,암남동,35.082038,129.013063,1
부산광역시,서구,암남동,35.060184,129.011349,1
부산광역시,서구,암남동,35.059955,129.011165,1
부산광역시,서구,암남동,35.065567,129.013208,1
부산광역시,서구,암남동,35.061783,129.011271,1
부산광역시,서구,암남동,35.062222,129.011559,1
부산광역시,서구,암남동,35.077358,129.005645,1
부산광역시,서구,암남동,35.080189,129.017125,1
부산광역시,서구,암남동,35.078358,129.019241,1
부산광역시,서구,암남동,35.079917,129.021638,1
부산광역시,서구,암남동,35.080846,129.020467,1
부산광역시,서구,암남동,35.077387,129.005948,1
부산광역시,서구,암남동,35.077043,129.007478,1
부산광역시,서구,암남동,35.074493,129.005938,1
부산광역시,서구,암남동,35.071712,129.007395,1
부산광역시,서구,암남동,35.071334,129.007653,1
부산광역시,서구,암남동,35.066879,129.010337,1
부산광역시,서구,암남동,35.064025,129.014398,1
부산광역시,서구,암남동,35.062604,129.019047,1
부산광역시,서구,암남동,35.072173,129.016039,1
부산광역시,서구,암남동,35.071872,129.017164,1
부산광역시,서구,암남동,35.074427,129.015425,1
부산광역시,서구,암남동,35.083652,129.013577,1
부산광역시,서구,암남동,35.078357,129.014384,1
부산광역시,서구,암남동,35.081327,129.012645,1
부산광역시,서구,암남동,35.081452,129.015475,1
부산광역시,서구,암남동,35.081678,129.014171,1
부산광역시,서구,암남동,35.077657,129.016153,1
부산광역시,서구,암남동,35.078048,129.016178,1
부산광역시,서구,암남동,35.084466,129.012902,1
부산광역시,서구,암남동,35.078828,129.018595,1
부산광역시,서구,암남동,35.078546,129.018516,1
부산광역시,서구,암남동,35.078904,129.020571,1
부산광역시,서구,암남동,35.073866,129.016264,1
부산광역시,서구,암남동,35.076582,129.017515,1
부산광역시,서구,암남동,35.077042,129.021581,1
부산광역시,서구,암남동,35.070589,129.019075,1
부산광역시,서구,암남동,35.076573,129.024305,1
부산광역시,서구,암남동,35.079147,129.023489,1
부산광역시,서구,암남동,35.076503,129.024538,1
부산광역시,서구,암남동,35.077648,129.023043,1
부산광역시,서구,암남동,35.080637,129.022847,1
부산광역시,서구,아미동,35.098114,129.016312,1
부산광역시,서구,아미동,35.098219,129.016666,1
부산광역시,서구,아미동,35.099972,129.017918,1
부산광역시,서구,아미동,35.101279,129.017483,1
부산광역시,서구,아미동,35.097273,129.016469,1
부산광역시,서구,아미동,35.101047,129.019666,1
부산광역시,서구,아미동,35.104396,129.011226,1
부산광역시,서구,아미동,35.100896,129.010379,1
부산광역시,서구,아미동,35.100399,129.011348,1
부산광역시,서구,아미동,35.099949,129.015242,1
부산광역시,서구,서대신3동,35.121219,129.008598,1
부산광역시,서구,서대신3동,35.117483,129.014309,1
부산광역시,서구,서대신3동,35.118595,129.014165,1
부산광역시,서구,서대신3동,35.118285,129.012011,1
부산광역시,서구,서대신3동,35.113775,129.010875,1
부산광역시,서구,서대신3동,35.115482,129.010664,1
부산광역시,서구,서대신3동,35.118594,129.015011,1
부산광역시,서구,서대신3동,35.127739,129.007226,1
부산광역시,서구,서대신3동,35.120117,129.011945,1
부산광역시,서구,서대신3동,35.127584,129.009555,1
부산광역시,서구,서대신3동,35.112705,129.013251,1
부산광역시,서구,서대신3동,35.111415,129.012683,1
부산광역시,서구,서대신3동,35.119621,129.012319,1
부산광역시,서구,서대신3동,35.114453,129.014286,1
부산광역시,서구,서대신3동,35.115348,129.015697,1
부산광역시,서구,서대신3동,35.120645,129.011408,1
부산광역시,서구,서대신3동,35.117264,129.009633,1
부산광역시,서구,서대신3동,35.118295,129.011735,1
부산광역시,서구,서대신2동,35.110748,129.017331,1
부산광역시,서구,서대신2동,35.109154,129.018305,1
부산광역시,서구,서대신2동,35.108497,129.011301,1
부산광역시,서구,서대신2동,35.107728,129.012011,1
부산광역시,서구,서대신2동,35.108661,129.009059,1
부산광역시,서구,서대신2동,35.110658,129.011834,1
부산광역시,서구,서대신1동,35.109799,129.017822,1
부산광역시,서구,서대신1동,35.107714,129.018803,1
부산광역시,서구,서대신1동,35.10806364,129.0130953,1
부산광역시,서구,서대신1동,35.107148,129.015654,1
부산광역시,서구,부민동,35.105882,129.018202,1
부산광역시,서구,부민동,35.106515,129.020037,1
부산광역시,서구,부민동,35.105316,129.019964,1
부산광역시,서구,부민동,35.105658,129.020279,1
부산광역시,서구,부민동,35.106165,129.020335,1
부산광역시,서구,부민동,35.107368,129.022174,1
부산광역시,서구,부민동,35.103343,129.017743,1
부산광역시,서구,부민동,35.102759,129.016834,1
부산광역시,서구,부민동,35.104701,129.021289,1
부산광역시,서구,부민동,35.102514,129.020101,1
부산광역시,서구,동대신3동,35.117206,129.018156,1
부산광역시,서구,동대신3동,35.11859789,129.0198941,1
부산광역시,서구,동대신3동,35.114498,129.019061,1
부산광역시,서구,동대신3동,35.11349896,129.0161381,1
부산광역시,서구,동대신3동,35.114255,129.017268,1
부산광역시,서구,동대신3동,35.114844,129.018969,1
부산광역시,서구,동대신3동,35.116401,129.017501,1
부산광역시,서구,동대신3동,35.115563,129.016897,1
부산광역시,서구,동대신3동,35.11812763,129.0157998,1
부산광역시,서구,동대신2동,35.113597,129.025535,1
부산광역시,서구,동대신2동,35.115429,129.023656,1
부산광역시,서구,동대신2동,35.112921,129.021214,1
부산광역시,서구,동대신2동,35.110784,129.019508,1
부산광역시,서구,동대신2동,35.111164,129.017454,1
부산광역시,서구,동대신2동,35.116136,129.022807,1
부산광역시,서구,동대신2동,35.111666,129.020326,1
부산광역시,서구,동대신2동,35.112894,129.020797,1
부산광역시,서구,동대신2동,35.112586,129.020925,1
부산광역시,서구,동대신2동,35.111998,129.023011,1
부산광역시,서구,동대신2동,35.114439,129.025815,1
부산광역시,서구,동대신1동,35.109841,129.022368,1
부산광역시,서구,동대신1동,35.111313,129.022116,1
부산광역시,서구,동대신1동,35.111572,129.022669,1
부산광역시,서구,동대신1동,35.109209,129.021631,1
부산광역시,서구,동대신1동,35.109669,129.022729,1
부산광역시,서구,동대신1동,35.108733,129.020085,1
부산광역시,서구,동대신1동,35.109183,129.018706,1
부산광역시,서구,동대신1동,35.111648,129.025281,1
부산광역시,서구,남부민동,35.088448,129.021118,1
부산광역시,서구,남부민동,35.083032,129.019702,1
부산광역시,서구,남부민동,35.090691,129.024045,1
부산광역시,서구,남부민동,35.086278,129.024773,1
부산광역시,서구,남부민동,35.087185,129.024671,1
부산광역시,서구,남부민동,35.093367,129.025087,1
부산광역시,서구,남부민동,35.085064,129.024665,1
부산광역시,서구,남부민동,35.081643,129.025131,1
부산광역시,서구,남부민동,35.082583,129.024956,1
부산광역시,서구,남부민동,35.082483,129.024935,1
부산광역시,서구,남부민동,35.083948,129.019739,1
부산광역시,서구,남부민동,35.08237741,129.018266,1
부산광역시,서구,남부민동,35.083935,129.017139,1
부산광역시,서구,남부민동,35.083494,129.018022,1
부산광역시,서구,서대신동,35.108219,129.017283,1
부산광역시,서구,서대신동,35.103422,129.016361,1
부산광역시,서구,서대신동,35.095447,129.022257,1
부산광역시,서구,서대신동,35.119257,129.017596,1
부산광역시,서구,서대신동,35.072091,129.015731,1
부산광역시,서구,서대신동,35.095525,129.018484,1
부산광역시,서구,서대신동,35.090112,129.021699,1
부산광역시,서구,서대신동,35.111084,129.008916,1
부산광역시,서구,서대신동,35.099837,129.012443,1
부산광역시,서구,서대신동,35.098997,129.015112,1
부산광역시,서구,서대신동,35.094018,129.019714,1
부산광역시,서구,서대신동,35.084615,129.025595,1
부산광역시,서구,서대신동,35.111809,129.011945,1
부산광역시,서구,서대신동,35.090969,129.022719,1
부산광역시,서구,서대신동,35.094704,129.022097,1
부산광역시,서구,서대신동,35.107788,129.022156,1
부산광역시,서구,서대신동,35.099777,129.021833,1
부산광역시,서구,서대신동,35.102067,129.011081,1
부산광역시,서구,서대신동,35.099706,129.019043,1
부산광역시,서구,서대신동,35.112904,129.016115,1
부산광역시,서구,서대신동,35.102463,129.019788,1
부산광역시,서구,서대신동,35.097973,129.020444,1
부산광역시,서구,서대신동,35.111243,129.011942,1
부산광역시,서구,서대신동,35.109512,129.014727,1
부산광역시,서구,서대신동,35.109227,129.015826,1
부산광역시,서구,서대신1동,35.093393,129.022057,1
부산광역시,서구,서대신1동,35.107772,129.016741,1
부산광역시,서구,서대신1동,35.110561,129.018084,1
부산광역시,서구,서대신1동,35.119345,129.016173,1
서울특별시,강서구,공항동,37.5620174418088,126.816476653663,1
서울특별시,강서구,공항동,37.5620174418088,126.816476653663,1
서울특별시,강서구,공항동,37.562441,126.816405,1
서울특별시,강서구,공항동,37.562468,126.816555,1
서울특별시,강서구,공항동,37.562164,126.816405,1
서울특별시,강서구,공항동,37.5620174418088,126.816476653663,1
서울특별시,강서구,공항동,37.561965,126.816406,1
서울특별시,강서구,공항동,37.561935,126.816539,1
서울특별시,강서구,공항동,37.561712,126.816397,1
서울특별시,강서구,공항동,37.5620174418088,126.816476653663,1
서울특별시,강서구,공항동,37.561477,126.816384,1
서울특별시,강서구,공항동,37.5620174418088,126.816476653663,1
서울특별시,강서구,공항동,37.561343,126.816379,1
서울특별시,강서구,공항동,37.5620174418088,126.816476653663,1
서울특별시,강서구,공항동,37.561141,126.816251,1
서울특별시,강서구,공항동,37.561138,126.816665,1
서울특별시,강서구,방화동,37.563728,126.816574,1
서울특별시,강서구,방화동,37.5655934539434,126.816529247268,1
서울특별시,강서구,방화동,37.569662,126.816705,1
서울특별시,강서구,방화동,37.570235,126.816565,1
서울특별시,강서구,가양동,37.570641,126.837887,1
서울특별시,강서구,가양동,37.571118,126.837961,1
서울특별시,강서구,방화동,37.5713001479533,126.816716101155,1
서울특별시,강서구,방화동,37.5713001479533,126.816716101155,1
서울특별시,강서구,방화동,37.5713001479533,126.816716101155,1
서울특별시,강서구,방화동,37.5713001479533,126.816716101155,1
서울특별시,강서구,방화동,37.5713001479533,126.816716101155,1
서울특별시,강서구,방화동,37.5713001479533,126.816716101155,1
서울특별시,강서구,방화동,37.5713001479533,126.816716101155,1
서울특별시,강서구,방화동,37.5713001479533,126.816716101155,1
서울특별시,강서구,방화동,37.5713001479533,126.816716101155,1
서울특별시,강서구,방화동,37.5713001479533,126.816716101155,1
서울특별시,강서구,방화동,37.571964,126.816627,1
서울특별시,강서구,방화동,37.5713001479533,126.816716101155,1
서울특별시,강서구,방화동,37.5713001479533,126.816716101155,1
서울특별시,강서구,방화동,37.5713001479533,126.816716101155,1
서울특별시,강서구,방화동,37.5713001479533,126.816716101155,1
서울특별시,강서구,방화동,37.5713001479533,126.816716101155,1
서울특별시,강서구,방화동,37.571219,126.816602,1
서울특별시,강서구,마곡동,37.5759812189588,126.837058872674,1
서울특별시,강서구,마곡동,37.576181,126.837296,1
서울특별시,강서구,마곡동,37.532011,126.845162,1
서울특별시,강서구,마곡동,37.535956,126.842193,1
서울특별시,강서구,마곡동,37.530656,126.844245,1
서울특별시,강서구,마곡동,37.537672,126.858851,1
서울특별시,강서구,마곡동,37.553499,126.866015,1
서울특별시,강서구,마곡동,37.551503,126.865085,1
서울특별시,강서구,마곡동,37.552148,126.864947,1
서울특별시,강서구,마곡동,37.5734088178866,126.837231496792,1
서울특별시,강서구,마곡동,37.574217,126.837061,1
서울특별시,강서구,마곡동,37.573948,126.837157,1
서울특별시,강서구,마곡동,37.573677,126.837165,1
서울특별시,강서구,마곡동,37.5734088178866,126.837231496792,1
서울특별시,강서구,마곡동,37.573281,126.837153,1
서울특별시,강서구,마곡동,37.572892,126.837127,1
서울특별시,강서구,마곡동,37.5734088178866,126.837231496792,1
서울특별시,강서구,마곡동,37.572478,126.837134,1
서울특별시,강서구,방화동,37.567563,126.816524,1
서울특별시,강서구,방화동,37.567559,126.816659,1
서울특별시,강서구,방화동,37.567438,126.816522,1
서울특별시,강서구,방화동,37.567445,126.816655,1
서울특별시,강서구,방화동,37.567209,126.816519,1
서울특별시,강서구,방화동,37.567215,126.8165245508,1
서울특별시,강서구,방화동,37.566822,126.816501,1
서울특별시,강서구,방화동,37.566819,126.816649,1
서울특별시,강서구,방화동,37.566488,126.816492,1
서울특별시,강서구,방화동,37.566502,126.816629,1
서울특별시,강서구,방화동,37.5655934539434,126.816529247268,1
서울특별시,강서구,방화동,37.566288,126.816619,1
서울특별시,강서구,방화동,37.566112,126.816483,1
서울특별시,강서구,방화동,37.5655934539434,126.816529247268,1
서울특별시,강서구,방화동,37.565972,126.816614,1
서울특별시,강서구,방화동,37.565614,126.816462,1
서울특별시,강서구,공항동,37.565454,126.816455,1
서울특별시,강서구,공항동,37.565467,126.816602,1
서울특별시,강서구,공항동,37.565014,126.816448,1
서울특별시,강서구,공항동,37.5637389204271,126.816514045388,1
서울특별시,강서구,공항동,37.5637389204271,126.816514045388,1
서울특별시,강서구,공항동,37.564791,126.816586,1
서울특별시,강서구,공항동,37.564511,126.816454,1
서울특별시,강서구,공항동,37.564496,126.816584,1
서울특별시,강서구,공항동,37.564307,126.816449,1
서울특별시,강서구,공항동,37.5637389204271,126.816514045388,1
서울특별시,강서구,공항동,37.5637389204271,126.816514045388,1
서울특별시,강서구,공항동,37.564089,126.816587,1
서울특별시,강서구,공항동,37.563719,126.816423,1
서울특별시,강서구,공항동,37.563728,126.816574,1
서울특별시,강서구,공항동,37.563233,126.816422,1
서울특별시,강서구,공항동,37.5620174418088,126.816476653663,1
서울특별시,강서구,공항동,37.5620174418088,126.816476653663,1
서울특별시,강서구,공항동,37.5620174418088,126.816476653663,1
서울특별시,강서구,마곡동,37.5734088178866,126.837231496792,1
서울특별시,강서구,마곡동,37.571856,126.837465,1
서울특별시,강서구,마곡동,37.571742,126.837522,1
서울특별시,강서구,마곡동,37.571472,126.837682,1
서울특별시,강서구,가양동,37.5706670134451,126.837753750628,1
서울특별시,강서구,가양동,37.5706670134451,126.837753750628,1
서울특별시,강서구,가양동,37.571068,126.837979,1
서울특별시,강서구,가양동,37.5706670134451,126.837753750628,1
서울특별시,강서구,방화동,37.571219,126.816743,1
서울특별시,강서구,방화동,37.5713001479533,126.816716101155,1
서울특별시,강서구,방화동,37.5713001479533,126.816716101155,1
서울특별시,강서구,방화동,37.570665,126.816585,1
서울특별시,강서구,방화동,37.5713001479533,126.816716101155,1
서울특별시,강서구,방화동,37.570527,126.816585,1
서울특별시,강서구,방화동,37.570533,126.816716,1
서울특별시,강서구,방화동,37.570235,126.816565,1
서울특별시,강서구,방화동,37.570227,126.816702,1
서울특별시,강서구,방화동,37.5713001479533,126.816716101155,1
서울특별시,강서구,방화동,37.5713001479533,126.816716101155,1
서울특별시,강서구,방화동,37.5701293964168,126.816517411112,1
서울특별시,강서구,방화동,37.569662,126.816705,1
서울특별시,강서구,방화동,37.569364,126.816545,1
서울특별시,강서구,방화동,37.5713001479533,126.816716101155,1
서울특별시,강서구,방화동,37.568962,126.816548,1
서울특별시,강서구,방화동,37.5692295989174,126.816658001114,1
서울특별시,강서구,방화동,37.568752,126.816544,1
서울특별시,강서구,방화동,37.568756,126.816687,1
서울특별시,강서구,방화동,37.5683429406593,126.816670265057,1
서울특별시,강서구,방화동,37.5683429406593,126.816670265057,1
서울특별시,강서구,방화동,37.5683429406593,126.816670265057,1
서울특별시,강서구,방화동,37.5683429406593,126.816670265057,1
서울특별시,강서구,방화동,37.5683429406593,126.816670265057,1
서울특별시,강서구,방화동,37.5683429406593,126.816670265057,1
서울특별시,강서구,방화동,37.567777,126.816534,1
서울특별시,강서구,방화동,37.5683429406593,126.816670265057,1
서울특별시,광진구,자양동,37.5314433,127.0859667,1
서울특별시,광진구,자양동,37.5334253,127.0850639,1
서울특별시,광진구,자양동,37.5336049,127.0845568,1
서울특별시,광진구,자양동,37.5358511,127.0841252,1
서울특별시,광진구,자양동,37.5350834,127.0839723,1
서울특별시,광진구,구의동,37.5420007,127.0841419,1
서울특별시,광진구,자양동,37.5410204,127.0834143,1
서울특별시,광진구,구의동,37.5474883,127.0881622,1
서울특별시,광진구,군자동,37.5581157,127.0766328,1
서울특별시,광진구,광장동,37.5460148,127.1011027,1
서울특별시,광진구,구의동,37.5491165,127.0934849,1
서울특별시,광진구,광장동,37.5444225,127.1061984,1
서울특별시,광진구,중곡동,37.5586707,127.0765338,1
서울특별시,광진구,구의동,37.5488142,127.0930928,1
서울특별시,광진구,능동,37.5547061,127.0853375,1
서울특별시,광진구,광장동,37.54644745,127.1012077,1
서울특별시,광진구,구의동,37.5472102,127.0978837,1
서울특별시,광진구,구의동,37.5489497,127.0926671,1
서울특별시,광진구,군자동,37.5585618,127.0754423,1
서울특별시,광진구,능동,37.5560561,127.0819215,1
서울특별시,광진구,구의동,37.5477852,127.0880352,1
서울특별시,광진구,구의동,37.5431188,127.0842813,1
서울특별시,광진구,구의동,37.5388658,127.0916544,1
서울특별시,광진구,광장동,37.543101,127.101963,1
서울특별시,광진구,구의동,37.5406038,127.0945603,1
서울특별시,광진구,광장동,37.5456104,127.1050681,1
서울특별시,광진구,광장동,37.5417392,127.0964394,1
서울특별시,광진구,광장동,37.5471011,127.1063284,1
서울특별시,광진구,화양동,37.5414897,127.0667061,1
서울특별시,광진구,광장동,37.543026,127.1006411,1
서울특별시,광진구,광장동,37.5506859,127.109072,1
서울특별시,광진구,광장동,37.5465225,127.1052859,1
서울특별시,광진구,광장동,37.5501324,127.108312,1
서울특별시,광진구,광장동,37.551085,127.1089294,1
서울특별시,광진구,자양동,37.5384964,127.0751088,1
서울특별시,광진구,자양동,37.5387437,127.0755539,1
서울특별시,광진구,자양동,37.5376552,127.078592,1
서울특별시,광진구,자양동,37.5378028,127.0793208,1
서울특별시,광진구,자양동,37.5367011,127.0824584,1
서울특별시,광진구,자양동,37.5371161,127.0820492,1
서울특별시,광진구,구의동,37.5387259,127.0918544,1
서울특별시,광진구,중곡동,37.5566441,127.0882633,1
서울특별시,광진구,중곡동,37.5566198,127.0879912,1
서울특별시,광진구,중곡동,37.5616262,127.0874652,1
서울특별시,광진구,중곡동,37.5621663,127.0870818,1
서울특별시,광진구,중곡동,37.5660553,127.0866781,1
서울특별시,광진구,중곡동,37.566471,127.0863079,1
서울특별시,광진구,중곡동,37.5707616,127.0863232,1
서울특별시,광진구,중곡동,37.5703999,127.0859969,1
서울특별시,광진구,자양동,37.5317416,127.0862333,1
서울특별시,광진구,화양동,37.5451094,127.0657786,1
서울특별시,광진구,군자동,37.5511829,127.0692627,1
서울특별시,광진구,군자동,37.5562608,127.0721042,1
서울특별시,광진구,중곡동,37.5623659,127.0755887,1
서울특별시,광진구,중곡동,37.5624695,127.0752535,1
서울특별시,광진구,중곡동,37.5667179,127.0780553,1
서울특별시,광진구,중곡동,37.5660931,127.0773184,1
서울특별시,광진구,중곡동,37.5694931,127.0795926,1
서울특별시,광진구,자양동,37.5361609,127.0651031,1
서울특별시,광진구,자양동,37.536453,127.0647183,1
서울특별시,광진구,자양동,37.534185,127.072374,1
서울특별시,광진구,자양동,37.5346567,127.0713062,1
서울특별시,광진구,자양동,37.5325526,127.077841,1
서울특별시,광진구,자양동,37.5326722,127.0779884,1
서울특별시,광진구,자양동,37.5315129,127.0828319,1
서울특별시,광진구,자양동,37.5316417,127.0827774,1
서울특별시,광진구,군자동,37.5545609,127.0751968,1
서울특별시,광진구,중곡동,37.559658,127.0778622,1
서울특별시,광진구,중곡동,37.5617906,127.0790397,1
서울특별시,광진구,중곡동,37.5647903,127.0806709,1
서울특별시,광진구,중곡동,37.5661326,127.081423,1
서울특별시,광진구,중곡동,37.5674761,127.0821717,1
서울특별시,광진구,중곡동,37.5698077,127.0832113,1
서울특별시,광진구,자양동,37.5413391,127.0662283,1
서울특별시,광진구,구의동,37.5376131,127.0871478,1
서울특별시,광진구,구의동,37.5407077,127.0951757,1
서울특별시,광진구,구의동,37.538521,127.0907841,1
서울특별시,광진구,광장동,37.5424003,127.0998663,1
서울특별시,광진구,화양동,37.5453847,127.0793505,1
서울특별시,광진구,능동,37.5468318,127.0758653,1
서울특별시,광진구,구의동,37.5451067,127.0836606,1
서울특별시,광진구,능동,37.5453163,127.0848749,1
서울특별시,광진구,구의동,37.5448712,127.0879295,1
서울특별시,광진구,자양동,37.5326366,127.0674487,1
서울특별시,광진구,화양동,37.5449765,127.0727836,1
서울특별시,광진구,능동,37.5533466,127.0776202,1
서울특별시,광진구,군자동,37.5480815,127.0745005,1
서울특별시,광진구,능동,37.555916,127.0789883,1
서울특별시,광진구,군자동,37.5534306,127.0772198,1
서울특별시,광진구,중곡동,37.5598122,127.0810764,1
서울특별시,광진구,군자동,37.5560129,127.078604,1
서울특별시,광진구,중곡동,37.5656585,127.0842673,1
서울특별시,광진구,중곡동,37.5600559,127.0808878,1
서울특별시,광진구,중곡동,37.5655522,127.083912,1
서울특별시,광진구,자양동,37.5335992,127.0674657,1
서울특별시,광진구,자양동,37.5368854,127.0693976,1
서울특별시,광진구,자양동,37.5347905,127.068027,1
서울특별시,광진구,자양동,37.5381488,127.0700523,1
서울특별시,광진구,자양동,37.5373229,127.0691922,1
서울특별시,광진구,화양동,37.5422953,127.0719535,1
서울특별시,광진구,화양동,37.5411312,127.0709763,1
서울특별시,광진구,화양동,37.5452355,127.073302,1
서울특별시,광진구,중곡동,37.571545,127.082017,1
서울특별시,광진구,중곡동,37.5711546,127.0847136,1
서울특별시,광진구,자양동,37.539464,127.0625653,1
서울특별시,광진구,중곡동,37.5695672,127.0792577,1
서울특별시,광진구,구의동,37.5357528,127.0937527,1
서울특별시,광진구,구의동,37.5344413,127.0953533,1
서울특별시,광진구,구의동,37.5375453,127.0935238,1
서울특별시,광진구,화양동,37.5477772,127.0718298,1
서울특별시,광진구,구의동,37.545172,127.087526,1
서울특별시,광진구,구의동,37.5437465,127.0929033,1
서울특별시,광진구,광장동,37.5437788,127.0934611,1
서울특별시,광진구,광장동,37.5410788,127.0963835,1
서울특별시,광진구,군자동,37.5483396,127.0699232,1
서울특별시,광진구,화양동,37.5465267,127.0757317,1
서울특별시,광진구,군자동,37.5480763,127.0717733,1
서울특별시,서대문구,홍제동,37.583992,126.949541,1
서울특별시,서대문구,홍제동,37.588776,126.944373,1
서울특별시,서대문구,홍제동,37.588673,126.944227,1
서울특별시,서대문구,홍제동,37.584252,126.948563,1
전라남도,신안군,지도읍,35.0596196,126.206701,1
전라남도,신안군,압해읍,34.8654405,126.3136237,1
전라남도,신안군,증도면증동,34.9932859,126.141814,1
전라남도,신안군,암태면,34.8289213,126.1140828,1
전라남도,신안군,도초면,34.7026028,125.9524289,1
전라북도,고창군,고창읍,35.436587,126.7113337,1
전라북도,고창군,고창읍,35.436073,126.710651,1
전라북도,고창군,고수면,35.408491,126.642061,1
전라북도,고창군,아산면,35.438822,126.635486,1
전라북도,고창군,부안면,35.511837,126.671851,1
전라북도,고창군,흥덕면,35.522054,126.700509,1
전라북도,고창군,흥덕면,35.518322,126.698405,1
전라북도,고창군,고수면,35.408884,126.678886,1
전라북도,고창군,해리면,35.456252,126.542505,1
전라북도,고창군,해리면,35.458304,126.541879,1
전라북도,고창군,해리면,35.458563,126.542348,1
전라북도,고창군,해리면,35.457103,126.542007,1
전라북도,고창군,해리면,35.457459,126.541847,1
전라북도,고창군,상하면,35.443791,126.491807,1
전라북도,고창군,신림면,35.488674,126.717644,1
전라북도,고창군,성내면,35.514906,126.737745,1
전라북도,고창군,고창읍,35.43683163,126.716255,1
전라북도,고창군,고창읍,35.435254,126.715932,1
전라북도,고창군,고창읍,35.420275,126.738567,1
전라북도,고창군,고창읍노동,35.426851,126.712053,1
전라북도,고창군,고창읍,35.414966,126.704408,1
전라북도,고창군,고창읍,35.422067,126.738689,1
전라북도,고창군,고창읍,35.420746,126.735693,1
전라북도,고창군,고창읍,35.421459,126.729335,1
전라북도,고창군,고창읍,35.431487,126.727556,1
전라북도,고창군,고창읍,35.427587,126.698359,1
전라북도,고창군,고창읍,35.422943,126.696457,1
전라북도,고창군,고창읍,35.434794,126.687043,1
전라북도,고창군,고창읍,35.434787,126.692611,1
전라북도,고창군,고창읍,35.427935,126.690056,1
전라북도,고창군,고창읍,35.448984,126.699967,1
전라북도,고창군,고창읍,35.436273,126.710304,1
전라북도,고창군,고창읍,35.437193,126.7072309,1
전라북도,고창군,고창읍,35.430443,126.711218,1
전라북도,고창군,고창읍,35.432385,126.710999,1
전라북도,고창군,고창읍,35.430811,126.708806,1
전라북도,고창군,고창읍,35.432193,126.706672,1
전라북도,고창군,고창읍,35.442572,126.693813,1
전라북도,고창군,고창읍,35.441669,126.700282,1
전라북도,고창군,고창읍,35.440666,126.699708,1
전라북도,고창군,고창읍,35.438794,126.699874,1
전라북도,고창군,고창읍,35.436975,126.693582,1
전라북도,고창군,고창읍,35.435956,126.694464,1
전라북도,고창군,고창읍,35.436645,126.6967989,1
전라북도,고창군,고창읍,35.436705,126.699672,1
전라북도,고창군,고창읍,35.433791,126.695041,1
전라북도,고창군,고수면,35.390552,126.723808,1
전라북도,고창군,흥덕면,35.515002,126.697799,1
전라북도,고창군,흥덕면,35.521706,126.702143,1
전라북도,고창군,무장면,35.413986,126.560584,1
전라북도,고창군,무장면,35.414114,126.561658,1
전라북도,고창군,공음면,35.378445,126.514037,1
전라북도,고창군,대산면연동,35.332932,126.544076,1
전라북도,고창군,심원면,35.530856,126.514795,1
전라북도,고창군,성송면,35.372805,126.649399,1
전라북도,고창군,고창읍,35.436696,126.710085,1
전라북도,고창군,고창읍,35.4357786,126.710451,1
전라북도,고창군,고창읍,35.437585,126.703738,1
전라북도,고창군,고창읍,35.436319,126.708478,1
전라북도,고창군,고창읍,35.431449,126.708531,1
전라북도,고창군,고창읍,35.439014,126.698791,1
전라북도,고창군,고창읍,35.431201,126.697525,1
전라북도,고창군,고창읍,35.432564,126.696311,1
전라북도,고창군,고창읍,35.426315,126.695304,1
전라북도,고창군,고창읍,35.430177,126.700478,1
전라북도,고창군,고창읍,35.431335,126.700093,1
전라북도,고창군,고창읍,35.433749,126.699003,1
전라북도,고창군,고창읍,35.436991,126.713879,1
전라북도,고창군,고창읍,35.435783,126.714708,1
전라북도,고창군,고창읍,35.437091,126.7115382,1
전라북도,고창군,고창읍,35.438136,126.709849,1
전라북도,고창군,고창읍,35.43390464,126.706306,1
전라북도,고창군,고창읍,35.433951,126.709699,1
전라북도,고창군,고창읍,35.433955,126.711242,1
전라북도,고창군,고창읍,35.437987,126.713264,1
전라북도,무주군,무주읍,36.00253326,127.6673945,1
전라북도,무주군,안성면,35.86759861,127.6540735,1
전라북도,무주군,안성면,35.87062732,127.6535558,1
전라북도,무주군,적상면,35.92771732,127.6126752,1
전라북도,무주군,부남면,35.97275805,127.5616156,1
전라북도,무주군,설천면,36.01024557,127.7870184,1
전라북도,무주군,무풍면,35.96921176,127.8487606,1
전라북도,무주군,무풍면,35.95340246,127.8423428,1
전라북도,무주군,무주읍,36.01172344,127.6633234,1
전라북도,무주군,무주읍,36.01012061,127.6581744,1
전라북도,무주군,무주읍,36.00748673,127.6561338,1
전라북도,무주군,무주읍,36.01148241,127.6629082,1
전라북도,무주군,무주읍,36.01019481,127.6655512,1
전라북도,무주군,무주읍,36.00913576,127.6696214,1
전라북도,무주군,무주읍,36.01373313,127.6633264,1
전라북도,무주군,설천면,35.90725404,127.762003,1
전라북도,무주군,설천면,35.9085933,127.7724346,1
전라북도,무주군,설천면,35.91097631,127.7576961,1
전라북도,무주군,무주읍,36.01215079,127.6564941,1
전라북도,무주군,무주읍,36.00883115,127.6562503,1
전라북도,무주군,무주읍,36.00675869,127.6570123,1
전라북도,무주군,무주읍,36.02110787,127.6458852,1
전라북도,무주군,무주읍,36.00299216,127.6675232,1
전라북도,무주군,무주읍,36.01132289,127.6624188,1
전라북도,무주군,무주읍,36.0082876,127.6637245,1
전라북도,무주군,무주읍,36.02914436,127.6877217,1
전라북도,무주군,무주읍,36.01431394,127.6882011,1
전라북도,무주군,안성면,35.8648601,127.6563234,1
전라북도,무주군,적상면,35.93509385,127.6565739,1
전라북도,무주군,적상면,35.95765481,127.6633421,1
전라북도,무주군,무풍면,35.96956709,127.8456603,1
전라북도,정읍시,정읍시기동,35.557194,126.852381,1
전라북도,정읍시,정읍수성동,35.58452409,126.8657709,1
전라북도,정읍시,정읍수성동,35.58032967,126.8531951,1
전라북도,정읍시,정읍수성동,35.58050857,126.8520832,1
전라북도,정읍시,정읍수성동,35.57651236,126.8566745,1
전라북도,정읍시,정읍장명동,35.5650446,126.8596354,1
전라북도,정읍시,정읍시기동,35.5662712,126.8526883,1
전라북도,정읍시,정읍상동,35.561555,126.867603,1
전라북도,정읍시,정읍연지동,35.57308309,126.8458474,1
전라북도,정읍시,정읍연지동,35.57655103,126.8477769,1
충청남도,아산시,도고면,36.7181492,126.9287643,1
충청남도,아산시,도고면,36.7313815,126.9173099,1
충청남도,아산시,도고면,36.7383717,126.9148701,1
충청남도,아산시,도고면,36.7476559,126.8989148,1
충청남도,아산시,영인면,36.8523986,126.9569495,1
충청남도,아산시,영인면,36.8742974,126.9875672,1
충청남도,아산시,영인면,36.8741003,126.9867999,1
충청남도,아산시,영인면,36.8735046,126.9855753,1
충청남도,아산시,영인면,36.8725433,126.9838438,1
충청남도,아산시,영인면,36.8727725,126.9824378,1
충청남도,아산시,인주면,36.8642283,126.8703243,1
충청남도,아산시,인주면,36.8658845,126.8724143,1
충청남도,아산시,선장면,36.8125766,126.863506,1
충청남도,아산시,선장면,36.7747495,126.871231,1
충청남도,아산시,영인면,36.8531315,126.9575388,1
충청남도,아산시,둔포면,36.9347195,127.0571351,1
충청남도,아산시,둔포면,36.9354718,127.0565306,1
충청남도,아산시,둔포면,36.9338578,127.0581339,1
충청남도,아산시,둔포면,36.928953,127.0394908,1
충청남도,아산시,둔포면,36.9300098,127.0411007,1
충청남도,아산시,둔포면,36.9238122,127.0156251,1
충청남도,아산시,둔포면,36.8886946,127.0313896,1
충청남도,아산시,영인면,36.8538299,126.9575058,1
충청남도,아산시,영인면,36.8534694,126.9575196,1
충청남도,아산시,영인면,36.8525913,126.9573022,1
충청남도,아산시,영인면,36.852103,126.9573497,1
충청남도,아산시,송악면,36.7176418,126.9581306,1
충청남도,아산시,음봉면,36.8425852,127.0603049,1
충청남도,아산시,음봉면,36.8421914,127.0630333,1
충청남도,아산시,음봉면,36.8412669,127.0658362,1
충청남도,아산시,음봉면,36.8408047,127.067146,1
충청남도,아산시,음봉면,36.8434953,127.0751152,1
충청남도,아산시,음봉면,36.8437086,127.0766692,1
충청남도,아산시,음봉면,36.8441061,127.078155,1
충청남도,아산시,음봉면,36.8495008,127.0757486,1
충청남도,아산시,음봉면,36.848435,127.0753716,1
충청남도,아산시,음봉면,36.8426069,127.0781306,1
충청남도,아산시,음봉면,36.8412908,127.0786723,1
충청남도,아산시,음봉면,36.8387622,127.0806891,1
충청남도,아산시,음봉면,36.8374253,127.0834795,1
충청남도,아산시,음봉면,36.838645,127.0832773,1
충청남도,아산시,음봉면,36.8396864,127.0833389,1
충청남도,아산시,음봉면,36.8364937,127.084236,1
충청남도,아산시,음봉면산동,36.8498923,127.097536,1
충청남도,아산시,음봉면산동,36.8313732,127.0966124,1
충청남도,아산시,둔포면,36.9316877,127.0592575,1
충청남도,아산시,둔포면,36.9344749,127.0575302,1
