시도명,시군구명,읍/면/동,설치유무,등록인구수,어린이보호구역개수,화재발생횟수,관광지개수,예상범죄비율
강원도,강릉시,주문진읍,1.0,17085.0,8.0,0.0,1.0,0.0002580415152140271
강원도,강릉시,성산면,0.0,3393.0,3.0,0.0,1.0,5.1033280167676674e-05
강원도,강릉시,왕산면,0.0,1648.0,2.0,0.0,0.0,2.5157250786882868e-05
강원도,강릉시,구정면,0.0,4096.0,5.0,0.0,0.0,6.181495907634077e-05
강원도,강릉시,강동면,1.0,4690.0,3.0,0.0,0.0,7.115908079718298e-05
강원도,강릉시,옥계면,0.0,3857.0,4.0,0.0,1.0,5.822106610678607e-05
강원도,강릉시,사천면,0.0,4601.0,3.0,0.0,0.0,6.972152360936109e-05
강원도,강릉시,연곡면,0.0,6871.0,3.0,0.0,1.0,0.00010350411752317524
강원도,강릉시,홍제동,0.0,14729.0,2.0,0.0,0.0,0.00022210258551848017
강원도,강릉시,중앙동,0.0,5425.0,0.0,0.0,0.0,8.194075970584705e-05
강원도,강릉시,옥천동,0.0,3694.0,2.0,0.0,0.0,5.606473032505325e-05
강원도,강릉시,교1동,0.0,27236.0,3.0,0.0,0.0,0.00041114135571705717
강원도,강릉시,교2동,0.0,8284.0,4.0,0.0,0.0,0.0001250674753405034
강원도,강릉시,포남1동,0.0,11184.0,3.0,0.0,0.0,0.0001689129695690707
강원도,강릉시,포남2동,0.0,14191.0,4.0,0.0,0.0,0.00021419602098545986
강원도,강릉시,초당동,0.0,5146.0,1.0,0.0,0.0,7.762808814238142e-05
강원도,강릉시,송정동,0.0,7093.0,2.0,0.0,0.0,0.00010709801049272993
강원도,강릉시,내곡동,0.0,16059.0,2.0,0.0,0.0,0.00024222838614798648
강원도,강릉시,강남동,0.0,19111.0,0.0,0.0,0.0,0.0002882302161582866
강원도,강릉시,성덕동,0.0,29100.0,0.0,0.0,0.0,0.00043917372087958384
강원도,강릉시,경포동,0.0,7746.0,0.0,0.0,0.0,0.00011716091080748307
강원도,고성군,간성읍,0.0,7408.0,4.0,0.0,0.0,0.0007209349296926719
강원도,고성군,거진읍,0.0,6911.0,2.0,0.0,2.0,0.000672776763900639
강원도,고성군,현내면,0.0,2528.0,1.0,0.0,2.0,0.0002458222791175412
강원도,고성군,죽왕면,0.0,4004.0,2.0,0.0,1.0,0.000389577997899729
강원도,고성군,토성면,0.0,8267.0,3.0,0.0,0.0,0.0008043132465863408
강원도,동해시,천곡동,0.0,30768.0,11.0,0.0,0.0,0.00026882319412269124
강원도,동해시,송정동,0.0,4575.0,2.0,0.0,0.0,4.0251601259012594e-05
강원도,동해시,북삼동,0.0,20554.0,0.0,0.0,0.0,0.00017969464847773477
강원도,동해시,부곡동,0.0,5691.0,2.0,0.0,0.0,4.95957229798548e-05
강원도,동해시,동호동,0.0,4982.0,0.0,0.0,0.0,4.384549422856728e-05
강원도,동해시,발한동,0.0,4019.0,5.0,0.0,0.0,3.5220151101636017e-05
강원도,동해시,묵호동,0.0,3668.0,0.0,0.0,0.0,3.234503672599226e-05
강원도,동해시,북평동,0.0,10651.0,2.0,0.0,0.0,9.34412172084221e-05
강원도,동해시,망상동,0.0,4035.0,2.0,0.0,1.0,3.5220151101636017e-05
강원도,동해시,삼화동,0.0,3194.0,0.0,0.0,1.0,2.8032365162526626e-05
강원도,삼척시,도계읍,0.0,11507.0,5.0,0.0,0.0,0.0003838277691484415
강원도,삼척시,원덕읍,0.0,5412.0,2.0,0.0,0.0,0.00018041342707164572
강원도,삼척시,근덕면,0.0,5565.0,3.0,0.0,3.0,0.0001854448772290223
강원도,삼척시,하장면,0.0,1366.0,0.0,0.0,0.0,4.5283051416389165e-05
강원도,삼척시,노곡면,0.0,723.0,0.0,0.0,0.0,2.4438472192971934e-05
강원도,삼척시,미로면,0.0,1947.0,1.0,0.0,0.0,6.469007345198452e-05
강원도,삼척시,가곡면,0.0,735.0,1.0,0.0,0.0,2.4438472192971934e-05
강원도,삼척시,신기면,0.0,674.0,1.0,0.0,0.0,2.2282136411239114e-05
강원도,삼척시,남양동,0.0,8142.0,1.0,0.0,0.0,0.00027169830849833496
강원도,삼척시,교동,0.0,14802.0,1.0,0.0,0.0,0.0004930821154229042
강원도,삼척시,정라동,0.0,9616.0,0.0,0.0,0.0,0.00032057525288427887
강원도,삼척시,성내동,0.0,8626.0,0.0,0.0,0.0,0.00028751143756437563
강원도,속초시,영랑동,0.0,5026.0,2.0,0.0,0.0,0.00010350411752317524
강원도,속초시,동명동,0.0,4312.0,0.0,0.0,0.0,8.912854564495645e-05
강원도,속초시,금호동,0.0,6862.0,0.0,0.0,0.0,0.000141599383000455
강원도,속초시,교동,0.0,10357.0,1.0,0.0,0.0,0.00021347724239154895
강원도,속초시,노학동,0.0,22790.0,3.0,0.0,1.0,0.0004700812004177542
강원도,속초시,조양동,0.0,25042.0,4.0,0.0,1.0,0.0005168018090219653
강원도,속초시,청호동,0.0,4879.0,1.0,0.0,0.0,0.00010062900314753147
강원도,속초시,대포동,0.0,3426.0,1.0,0.0,0.0,7.044030220327203e-05
강원도,양구군,양구읍,0.0,15009.0,3.0,0.0,0.0,0.0009006295781704066
강원도,양구군,남면,0.0,3565.0,3.0,0.0,0.0,0.00021419602098545986
강원도,양구군,동면,0.0,2265.0,2.0,0.0,0.0,0.00013584915424916748
강원도,양구군,방산면,0.0,1465.0,1.0,0.0,1.0,8.769098845713457e-05
강원도,양구군,해안면,0.0,1362.0,1.0,0.0,2.0,8.194075970584705e-05
강원도,양양군,양양읍,0.0,11944.0,2.0,0.0,0.0,8.2659538299758e-05
강원도,양양군,서면,0.0,3017.0,4.0,0.0,1.0,2.0844579223417235e-05
강원도,양양군,손양면,0.0,2485.0,2.0,0.0,1.0,1.725068625386254e-05
강원도,양양군,현북면,0.0,2648.0,2.0,0.0,0.0,1.7969464847773477e-05
강원도,양양군,현남면,0.0,3135.0,3.0,0.0,1.0,2.1563357817328173e-05
강원도,양양군,강현면,0.0,4423.0,2.0,0.0,0.0,3.0188700944259442e-05
강원도,영월군,영월읍,0.0,21767.0,9.0,0.0,0.0,0.0001782570912899129
강원도,영월군,상동읍,0.0,1143.0,2.0,0.0,0.0,9.344121720842209e-06
강원도,영월군,중동면,0.0,1544.0,3.0,0.0,0.0,1.2938014690396905e-05
강원도,영월군,김삿갓면,0.0,1801.0,0.0,0.0,1.0,1.5094350472129721e-05
강원도,영월군,북면,0.0,2265.0,2.0,0.0,0.0,1.8688243441684418e-05
강원도,영월군,남면,0.0,2316.0,2.0,0.0,0.0,1.8688243441684418e-05
강원도,영월군,한반도면,0.0,3139.0,4.0,0.0,0.0,2.587602938079381e-05
강원도,영월군,주천면,0.0,3965.0,3.0,0.0,0.0,3.234503672599226e-05
강원도,영월군,수주면,0.0,2058.0,2.0,0.0,0.0,1.6531907659951602e-05
강원도,원주시,문막읍,0.0,19728.0,7.0,0.0,0.0,0.0001868824344168442
강원도,원주시,소초면,0.0,9420.0,4.0,0.0,0.0,8.912854564495645e-05
강원도,원주시,호저면,0.0,4088.0,4.0,0.0,0.0,3.881404407119071e-05
강원도,원주시,지정면,0.0,9638.0,5.0,0.0,1.0,9.128488142668927e-05
강원도,원주시,부론면,0.0,2391.0,1.0,0.0,0.0,2.300091500515005e-05
강원도,원주시,귀래면,0.0,2209.0,1.0,0.0,0.0,2.0844579223417235e-05
강원도,원주시,흥업면,0.0,9701.0,2.0,0.0,0.0,9.20036600206002e-05
강원도,원주시,판부면,0.0,7616.0,4.0,0.0,0.0,7.187785939109391e-05
강원도,원주시,신림면,0.0,3804.0,2.0,0.0,0.0,3.5938929695546954e-05
강원도,원주시,중앙동,0.0,3014.0,0.0,0.0,0.0,2.8751143756437567e-05
강원도,원주시,원인동,0.0,5870.0,0.0,0.0,0.0,5.5345951731142314e-05
강원도,원주시,개운동,0.0,13886.0,3.0,0.0,0.0,0.00013153648268570187
강원도,원주시,명륜1동,0.0,9494.0,0.0,0.0,0.0,8.984732423886739e-05
강원도,원주시,명륜2동,0.0,17143.0,0.0,0.0,0.0,0.00016244396222387224
강원도,원주시,단구동,0.0,46006.0,8.0,0.0,0.0,0.00043629860650394006
강원도,원주시,일산동,0.0,8436.0,3.0,0.0,0.0,7.978442392411424e-05
강원도,원주시,학성동,0.0,5370.0,2.0,0.0,0.0,5.1033280167676674e-05
강원도,원주시,단계동,0.0,26439.0,8.0,0.0,0.0,0.0002508537292749178
강원도,원주시,우산동,0.0,14745.0,2.0,0.0,0.0,0.00014016182581263312
강원도,원주시,태장1동,0.0,10620.0,0.0,0.0,0.0,0.00010062900314753147
강원도,원주시,태장2동,0.0,24159.0,0.0,0.0,0.0,0.0002292903714575896
강원도,원주시,봉산동,0.0,9059.0,4.0,0.0,0.0,8.625343126931269e-05
강원도,원주시,행구동,0.0,8026.0,1.0,0.0,0.0,7.619053095455955e-05
강원도,원주시,무실동,0.0,35048.0,8.0,0.0,0.0,0.00033207571038685387
강원도,원주시,반곡관설동,0.0,41511.0,0.0,0.0,0.0,0.00039389066946319466
강원도,인제군,인제읍,1.0,9716.0,6.0,0.0,0.0,0.0013908365792176672
강원도,인제군,남면,1.0,4283.0,5.0,0.0,0.0,0.000613118140606031
강원도,인제군,북면,1.0,8740.0,6.0,0.0,1.0,0.001250674753405034
강원도,인제군,기린면,1.0,5180.0,2.0,0.0,1.0,0.0007410607303221783
강원도,인제군,서화면,1.0,2984.0,3.0,0.0,0.0,0.0004269544847830979
강원도,인제군,상남면,1.0,1552.0,3.0,0.0,0.0,0.00022210258551848017
강원도,정선군,정선읍,0.0,11066.0,4.0,0.0,0.0,6.397129485807359e-05
강원도,정선군,고한읍,0.0,4527.0,2.0,0.0,0.0,2.6594807974704747e-05
강원도,정선군,사북읍,0.0,5141.0,2.0,0.0,0.0,2.94699223503485e-05
강원도,정선군,신동읍,0.0,3727.0,1.0,0.0,0.0,2.1563357817328173e-05
강원도,정선군,남면,0.0,3442.0,2.0,0.0,0.0,2.0125800629506297e-05
강원도,정선군,북평면,0.0,2606.0,2.0,0.0,0.0,1.5094350472129721e-05
강원도,정선군,임계면,0.0,3693.0,0.0,0.0,0.0,2.1563357817328173e-05
강원도,정선군,화암면,0.0,1702.0,2.0,0.0,1.0,1.0062900314753149e-05
강원도,정선군,여량면,0.0,2061.0,1.0,0.0,1.0,1.2219236096485967e-05
강원도,철원군,철원읍,0.0,5244.0,3.0,0.0,0.0,0.00011069190346228463
강원도,철원군,김화읍,0.0,3947.0,3.0,0.0,0.0,8.337831689366894e-05
강원도,철원군,갈말읍,0.0,12813.0,7.0,0.0,1.0,0.0002702607513105131
강원도,철원군,동송읍,0.0,16361.0,7.0,0.0,1.0,0.00034501372507725076
강원도,철원군,서면,0.0,6183.0,5.0,0.0,0.0,0.00013009892549787998
강원도,철원군,근남면,0.0,2477.0,1.0,0.0,0.0,5.2470837355498556e-05
강원도,철원군,근북면,0.0,113.0,0.0,0.0,0.0,2.1563357817328174e-06
강원도,춘천시,신북읍,1.0,8080.0,10.0,0.0,0.0,6.828396642153921e-05
강원도,춘천시,동면,1.0,20120.0,8.0,0.0,0.0,0.00017035052675689257
강원도,춘천시,동산면,1.0,1560.0,1.0,0.0,0.0,1.2938014690396905e-05
강원도,춘천시,신동면,1.0,2594.0,3.0,0.0,0.0,2.2282136411239114e-05
강원도,춘천시,남면,0.0,1123.0,0.0,0.0,0.0,9.344121720842209e-06
강원도,춘천시,서면,1.0,4071.0,6.0,0.0,1.0,3.450137250772508e-05
강원도,춘천시,사북면,1.0,2674.0,4.0,0.0,0.0,2.300091500515005e-05
강원도,춘천시,북산면,0.0,992.0,2.0,0.0,1.0,8.62534312693127e-06
강원도,춘천시,동내면,1.0,17901.0,6.0,0.0,0.0,0.00015166228331520815
강원도,춘천시,남산면,0.0,3742.0,6.0,0.0,1.0,3.162625813208132e-05
강원도,춘천시,교동,1.0,4369.0,2.0,0.0,0.0,3.66577082894579e-05
강원도,춘천시,조운동,0.0,3231.0,0.0,0.0,0.0,2.7313586568615688e-05
강원도,춘천시,약사명동,0.0,2758.0,2.0,0.0,0.0,2.3719693599060993e-05
강원도,춘천시,근화동,1.0,9196.0,1.0,0.0,0.0,7.762808814238142e-05
강원도,춘천시,소양동,0.0,10931.0,1.0,0.0,0.0,9.272243861451115e-05
강원도,춘천시,후평1동,0.0,13013.0,3.0,0.0,0.0,0.00010997312486837368
강원도,춘천시,후평2동,0.0,15730.0,4.0,0.0,0.0,0.00013297403987352373
강원도,춘천시,후평3동,0.0,18286.0,4.0,0.0,0.0,0.0001545373976908519
강원도,춘천시,효자1동,0.0,5073.0,2.0,0.0,0.0,4.3126715634656345e-05
강원도,춘천시,효자2동,0.0,12918.0,2.0,0.0,0.0,0.00010925434627446275
강원도,춘천시,효자3동,0.0,5335.0,2.0,0.0,0.0,4.5283051416389165e-05
강원도,춘천시,석사동,1.0,38051.0,6.0,0.0,0.0,0.00032201281007210075
강원도,춘천시,퇴계동,1.0,44442.0,9.0,0.0,0.0,0.0003766399832093321
강원도,춘천시,강남동,0.0,17944.0,0.0,0.0,0.0,0.00015166228331520815
강원도,춘천시,신사우동,0.0,20868.0,0.0,0.0,0.0,0.00017681953410209102
강원도,태백시,황지동,0.0,6759.0,4.0,0.0,0.0,0.000731716608601336
강원도,태백시,황연동,0.0,4825.0,0.0,0.0,0.0,0.0005225520377732528
강원도,태백시,삼수동,0.0,6364.0,0.0,0.0,0.0,0.0006885898929666796
강원도,태백시,상장동,0.0,14295.0,0.0,0.0,0.0,0.001547530312690252
강원도,태백시,문곡소도동,0.0,4053.0,1.0,0.0,0.0,0.00043845494228567284
강원도,태백시,장성동,0.0,3561.0,3.0,0.0,0.0,0.0003852653263362634
강원도,태백시,구문소동,0.0,2917.0,0.0,0.0,0.0,0.00031554380272690225
강원도,태백시,철암동,0.0,2338.0,1.0,0.0,0.0,0.00025301006505665057
강원도,평창군,평창읍,0.0,8834.0,4.0,0.0,0.0,0.00015885006925431754
강원도,평창군,미탄면,0.0,1747.0,1.0,0.0,2.0,3.162625813208132e-05
강원도,평창군,방림면,0.0,2512.0,2.0,0.0,0.0,4.5283051416389165e-05
강원도,평창군,대화면,0.0,5537.0,4.0,0.0,0.0,9.91914459597096e-05
강원도,평창군,봉평면,0.0,5916.0,1.0,0.0,2.0,0.00010637923189881899
강원도,평창군,용평면,0.0,3261.0,4.0,0.0,0.0,5.822106610678607e-05
강원도,평창군,진부면,0.0,9278.0,4.0,0.0,0.0,0.00016675663378733788
강원도,평창군,대관령면,0.0,5936.0,3.0,0.0,2.0,0.00010637923189881899
강원도,홍천군,홍천읍,0.0,35919.0,14.0,0.0,0.0,0.0003787963189910649
강원도,홍천군,화촌면,0.0,4736.0,3.0,0.0,0.0,4.95957229798548e-05
강원도,홍천군,두촌면,0.0,2425.0,1.0,0.0,0.0,2.587602938079381e-05
강원도,홍천군,내촌면,0.0,2447.0,2.0,0.0,0.0,2.587602938079381e-05
강원도,홍천군,서석면,0.0,3945.0,2.0,0.0,0.0,4.168915844683447e-05
강원도,홍천군,동면,0.0,3872.0,2.0,0.0,0.0,4.0970379852923525e-05
강원도,홍천군,남면,0.0,6169.0,2.0,0.0,0.0,6.469007345198452e-05
강원도,홍천군,서면,0.0,3886.0,4.0,0.0,2.0,4.0970379852923525e-05
강원도,홍천군,북방면,0.0,4014.0,1.0,0.0,0.0,4.240793704074541e-05
강원도,홍천군,내면,0.0,3485.0,3.0,0.0,0.0,3.66577082894579e-05
강원도,화천군,화천읍,0.0,8664.0,4.0,0.0,0.0,0.00023791571458452084
강원도,화천군,간동면,0.0,2827.0,4.0,0.0,0.0,7.762808814238142e-05
강원도,화천군,하남면,0.0,2875.0,5.0,0.0,0.0,7.906564533020331e-05
강원도,화천군,상서면,0.0,4236.0,8.0,0.0,0.0,0.00011644213221357214
강원도,화천군,사내면,0.0,6740.0,7.0,0.0,0.0,0.00018472609863511136
강원도,횡성군,횡성읍,0.0,21273.0,6.0,0.0,0.0,0.0001250674753405034
강원도,횡성군,우천면,0.0,4703.0,3.0,0.0,0.0,2.8032365162526626e-05
강원도,횡성군,안흥면,0.0,3153.0,2.0,0.0,0.0,1.8688243441684418e-05
강원도,횡성군,둔내면,0.0,5872.0,1.0,0.0,1.0,3.450137250772508e-05
강원도,횡성군,갑천면,0.0,2362.0,1.0,0.0,1.0,1.3656793284307844e-05
강원도,횡성군,청일면,0.0,2431.0,1.0,0.0,0.0,1.4375571878218783e-05
강원도,횡성군,공근면,0.0,3626.0,2.0,0.0,0.0,2.1563357817328173e-05
강원도,횡성군,서원면,0.0,2165.0,2.0,0.0,1.0,1.2938014690396905e-05
강원도,횡성군,강림면,0.0,1755.0,1.0,0.0,0.0,1.0062900314753149e-05
경기도,가평군,가평읍,1.0,10052.0,6.0,0.0,0.0,0.03522158865882384
경기도,가평군,설악면,1.0,5002.0,4.0,0.0,0.0,0.01752669723392434
경기도,가평군,청평면(외서면),0.0,7270.0,4.0,0.0,1.0,0.025473513368203683
경기도,가평군,상면,1.0,2903.0,3.0,0.0,1.0,0.010172154661027612
경기도,가평군,조종면,1.0,5204.0,1.0,0.0,0.0,0.018234694148926613
경기도,가평군,북면,1.0,2062.0,2.0,0.0,0.0,0.0072251624259927595
광주광역시,광산구,송정1동,0.0,11615.0,2.0,0.0,0.0,0.0018055718279042792
광주광역시,광산구,송정2동,0.0,6870.0,3.0,0.0,0.0,0.0010681049905516555
광주광역시,광산구,도산동,1.0,16382.0,14.0,0.0,0.0,0.0025459137796325464
광주광역시,광산구,신흥동,0.0,4972.0,0.0,0.0,0.0,0.0007726869884542596
광주광역시,광산구,어룡동,0.0,34436.0,0.0,0.0,0.0,0.005352025410260852
광주광역시,광산구,우산동,1.0,24767.0,8.0,0.0,0.0,0.00384977814898699
광주광역시,광산구,월곡1동,0.0,13198.0,7.0,0.0,0.0,0.00205139410702182
광주광역시,광산구,월곡2동,0.0,20417.0,8.0,0.0,0.0,0.003173407492116796
광주광역시,광산구,비아동,1.0,7905.0,11.0,0.0,0.0,0.001228392616993795
광주광역시,광산구,첨단1동,0.0,26073.0,0.0,0.0,0.0,0.004052473712469875
광주광역시,광산구,첨단2동,0.0,44762.0,0.0,0.0,0.0,0.00695705801046398
광주광역시,광산구,신가동,1.0,22049.0,18.0,0.0,0.0,0.003427136335767358
광주광역시,광산구,운남동,1.0,31745.0,21.0,0.0,0.0,0.004934415047198598
광주광역시,광산구,신창동,1.0,34769.0,15.0,0.0,0.0,0.005403777469022441
광주광역시,광산구,수완동,0.0,79513.0,13.0,0.0,0.0,0.012358679143704688
광주광역시,광산구,하남동,0.0,25118.0,4.0,0.0,0.0,0.0039044053221242215
광주광역시,광산구,임곡동,0.0,2239.0,2.0,0.0,0.0,0.00034788883945289454
광주광역시,광산구,동곡동,0.0,2063.0,0.0,0.0,0.0,0.00032057525288427887
광주광역시,광산구,평동,0.0,5412.0,0.0,0.0,0.0,0.0008409709548757987
광주광역시,광산구,삼도동,0.0,2354.0,1.0,0.0,0.0,0.000365858304300668
광주광역시,광산구,본량동,0.0,2117.0,0.0,0.0,0.0,0.00032920059601121015
광주광역시,남구,양림동,0.0,7592.0,2.0,0.0,0.0,0.0005994613473217232
광주광역시,남구,방림1동,0.0,7274.0,2.0,0.0,0.0,0.0005743040965348403
광주광역시,남구,방림2동,0.0,9421.0,3.0,0.0,0.0,0.0007439358446978219
광주광역시,남구,봉선1동,0.0,15122.0,6.0,0.0,0.0,0.0011946100230799809
광주광역시,남구,봉선2동,0.0,29602.0,6.0,0.0,0.0,0.0023389055445861956
광주광역시,남구,사직동,1.0,5669.0,0.0,0.0,0.0,0.0004477990640065151
광주광역시,남구,월산동,0.0,8005.0,1.0,0.0,0.0,0.0006325251626416265
광주광역시,남구,월산4동,0.0,9225.0,1.0,0.0,0.0,0.0007288414942256923
광주광역시,남구,월산5동,0.0,6830.0,1.0,0.0,0.0,0.0005398027240271153
광주광역시,남구,백운1동,0.0,13019.0,1.0,0.0,0.0,0.001028572167886554
광주광역시,남구,백운2동,0.0,6311.0,2.0,0.0,0.0,0.0004988323441741918
광주광역시,남구,주월1동,0.0,20184.0,6.0,0.0,0.0,0.001594250921294463
광주광역시,남구,주월2동,0.0,8698.0,6.0,0.0,0.0,0.0006871523357788579
광주광역시,남구,효덕동,1.0,47590.0,0.0,0.0,0.0,0.0037599308247481225
광주광역시,남구,송암동,0.0,19302.0,0.0,0.0,0.0,0.001524529397685102
광주광역시,남구,대촌동,1.0,5769.0,0.0,0.0,0.0,0.0004557056285395354
광주광역시,동구,충장동,0.0,4502.0,0.0,0.0,0.0,0.0003457325036711617
광주광역시,동구,동명동,0.0,4066.0,1.0,0.0,0.0,0.0003119499097573476
광주광역시,동구,계림1동,0.0,6108.0,4.0,0.0,0.0,0.0004686436432299323
광주광역시,동구,계림2동,0.0,8271.0,4.0,0.0,0.0,0.0006346814984233592
광주광역시,동구,산수1동,0.0,8900.0,5.0,0.0,0.0,0.0006835584428093031
광주광역시,동구,산수2동,0.0,10764.0,5.0,0.0,0.0,0.00082659538299758
광주광역시,동구,지산1동,0.0,4818.0,2.0,0.0,0.0,0.00037017097586413366
광주광역시,동구,지산2동,0.0,5086.0,2.0,0.0,0.0,0.00039029677649363994
광주광역시,동구,서남동,0.0,3787.0,0.0,0.0,0.0,0.0002903865519400194
광주광역시,동구,학동,0.0,8629.0,3.0,0.0,0.0,0.000662713863585886
광주광역시,동구,학운동,0.0,12387.0,0.0,0.0,0.0,0.0009509440797441725
광주광역시,동구,지원1동,0.0,8266.0,0.0,0.0,0.0,0.0006346814984233592
광주광역시,동구,지원2동,0.0,14920.0,0.0,0.0,0.0,0.0011457330786940369
광주광역시,북구,중흥1동,0.0,4978.0,2.0,0.0,0.0,0.0009150051500486255
광주광역시,북구,중흥2동,0.0,7074.0,2.0,0.0,0.0,0.0013002704763848889
광주광역시,북구,중흥3동,0.0,4814.0,3.0,0.0,0.0,0.0008848164491043661
광주광역시,북구,중앙동,0.0,3387.0,0.0,0.0,0.0,0.0006224622623268733
광주광역시,북구,임동,0.0,8362.0,4.0,0.0,0.0,0.0015367486337815879
광주광역시,북구,신안동,0.0,11009.0,2.0,0.0,0.0,0.0020233617418592936
광주광역시,북구,용봉동,0.0,40651.0,13.0,0.0,0.0,0.007470984705110301
광주광역시,북구,운암1동,0.0,20146.0,4.0,0.0,0.0,0.0037024285372352474
광주광역시,북구,운암2동,0.0,12985.0,4.0,0.0,0.0,0.002386344931784318
광주광역시,북구,운암3동,0.0,15042.0,5.0,0.0,0.0,0.0027644224721814718
광주광역시,북구,동림동,0.0,22990.0,6.0,0.0,0.0,0.004224980575008501
광주광역시,북구,우산동,0.0,11272.0,4.0,0.0,0.0,0.0020715199076513265
광주광역시,북구,풍향동,0.0,6190.0,3.0,0.0,0.0,0.0011378265141610167
광주광역시,북구,문화동,0.0,19346.0,0.0,0.0,0.0,0.0035557977040774156
광주광역시,북구,문흥1동,0.0,17010.0,8.0,0.0,0.0,0.0031259681049186742
광주광역시,북구,문흥2동,0.0,16835.0,8.0,0.0,0.0,0.0030943418467865927
광주광역시,북구,두암1동,0.0,8228.0,4.0,0.0,0.0,0.0015123101615886158
광주광역시,북구,두암2동,0.0,17055.0,4.0,0.0,0.0,0.0031345934480456056
광주광역시,북구,두암3동,0.0,14476.0,5.0,0.0,0.0,0.0026601995760643857
광주광역시,북구,삼각동,0.0,14801.0,10.0,0.0,0.0,0.0027205769779529046
광주광역시,북구,일곡동,0.0,31397.0,16.0,0.0,0.0,0.005770354551917019
광주광역시,북구,매곡동,0.0,14558.0,8.0,0.0,0.0,0.0026752939265365155
광주광역시,북구,오치1동,0.0,12203.0,10.0,0.0,0.0,0.00224258921300213
광주광역시,북구,오치2동,0.0,13113.0,10.0,0.0,0.0,0.002410064625383379
광주광역시,북구,석곡동,0.0,2767.0,0.0,0.0,0.0,0.0005088952444889449
광주광역시,북구,건국동,0.0,51598.0,0.0,0.0,0.0,0.00948284598946702
광주광역시,북구,양산동,0.0,36447.0,13.0,0.0,0.0,0.0066982977166560416
광주광역시,서구,양동,0.0,4214.0,3.0,0.0,0.0,0.0007058405792205422
광주광역시,서구,양3동,0.0,4905.0,0.0,0.0,0.0,0.0008222827114341143
광주광역시,서구,농성1동,0.0,11049.0,2.0,0.0,0.0,0.0018515736579145794
광주광역시,서구,농성2동,0.0,5338.0,2.0,0.0,0.0,0.0008941605708252082
광주광역시,서구,광천동,0.0,8600.0,4.0,0.0,0.0,0.001441151080791433
광주광역시,서구,유덕동,0.0,11155.0,0.0,0.0,0.0,0.0018695431227623528
광주광역시,서구,치평동,0.0,31302.0,6.0,0.0,0.0,0.005244927399768123
광주광역시,서구,상무1동,0.0,25407.0,0.0,0.0,0.0,0.004257325611734492
광주광역시,서구,상무2동,0.0,24698.0,0.0,0.0,0.0,0.004138727143739187
광주광역시,서구,화정1동,0.0,15626.0,4.0,0.0,0.0,0.0026185104176175513
광주광역시,서구,화정2동,0.0,21373.0,4.0,0.0,0.0,0.0035816737334582096
광주광역시,서구,화정3동,0.0,10675.0,5.0,0.0,0.0,0.0017890399202443274
광주광역시,서구,화정4동,0.0,16243.0,5.0,0.0,0.0,0.0027220145351407265
광주광역시,서구,서창동,0.0,5321.0,0.0,0.0,0.0,0.0008912854564495646
광주광역시,서구,금호1동,0.0,21383.0,10.0,0.0,0.0,0.0035831112906460315
광주광역시,서구,금호2동,0.0,29651.0,11.0,0.0,0.0,0.004968916419706322
광주광역시,서구,풍암동,0.0,38587.0,11.0,0.0,0.0,0.006466132230822808
광주광역시,서구,동천동,0.0,17139.0,3.0,0.0,0.0,0.002872239261268113
부산광역시,서구,동대신1동,1.0,4769.0,1.0,0.0,0.0,0.0036736773934788096
부산광역시,서구,동대신2동,1.0,8225.0,0.0,0.0,0.0,0.006336033305324929
부산광역시,서구,동대신3동,1.0,6956.0,2.0,0.0,0.0,0.0053584944176060505
부산광역시,서구,서대신1동,1.0,12051.0,1.0,0.0,0.0,0.00928302554035978
부산광역시,서구,서대신3동,1.0,8991.0,4.0,0.0,3.0,0.006926150530925809
부산광역시,서구,서대신4동,0.0,8250.0,0.0,0.0,0.0,0.006355440327360524
부산광역시,서구,부민동,1.0,8337.0,4.0,0.0,1.0,0.006422286736594241
부산광역시,서구,아미동,1.0,8071.0,2.0,0.0,0.0,0.006217434837329623
부산광역시,서구,초장동,1.0,5109.0,0.0,0.0,0.0,0.003936031580256303
부산광역시,서구,충무동,1.0,10435.0,0.0,0.0,0.0,0.008038819794299943
부산광역시,서구,남부민1동,0.0,5412.0,2.0,0.0,1.0,0.004168915844683447
부산광역시,서구,남부민2동,0.0,10544.0,5.0,0.0,1.0,0.008122198111193612
부산광역시,서구,암남동,1.0,15471.0,3.0,0.0,5.0,0.011918067865637282
서울특별시,강남구,신사동,0.0,16914.0,3.0,47.0,0.0,0.0008093446967437174
서울특별시,강남구,논현동,0.0,45731.0,7.0,77.0,0.0,0.0021872432612709877
서울특별시,강남구,삼성동,0.0,43968.0,10.0,51.0,0.0,0.002103146165783408
서울특별시,강남구,대치동,0.0,83418.0,16.0,56.0,0.0,0.003990658753393534
서울특별시,강남구,역삼동,0.0,74062.0,6.0,121.0,0.0,0.003542859689387019
서울특별시,강남구,도곡동,0.0,56269.0,5.0,21.0,0.0,0.0026918258341964672
서울특별시,강남구,개포동,0.0,51732.0,15.0,45.0,0.0,0.0024747546988353633
서울특별시,강남구,일원동,0.0,57481.0,10.0,19.0,0.0,0.0027493281217093424
서울특별시,강남구,수서동,0.0,15299.0,7.0,10.0,0.0,0.000731716608601336
서울특별시,강남구,세곡동,0.0,44475.0,3.0,6.0,0.0,0.0021275846379763797
서울특별시,강남구,압구정동,0.0,27440.0,3.0,8.0,0.0,0.001312489712481375
서울특별시,강남구,청담동,0.0,27266.0,9.0,34.0,0.0,0.0013045831479483543
서울특별시,강동구,강일동,0.0,35778.0,8.0,14.0,0.0,0.0009883205666275413
서울특별시,강동구,상일동,0.0,33345.0,20.0,16.0,0.0,0.000921474157393824
서울특별시,강동구,명일동,0.0,43932.0,18.0,20.0,0.0,0.0012140170451155762
서울특별시,강동구,고덕동,0.0,48671.0,20.0,19.0,0.0,0.0013448347492073672
서울특별시,강동구,암사동,0.0,69655.0,28.0,35.0,0.0,0.001924170295899584
서울특별시,강동구,성내동,0.0,68993.0,18.0,54.0,0.0,0.0019062008310518105
서울특별시,강동구,둔촌동,0.0,26675.0,18.0,13.0,0.0,0.0007367480587587126
서울특별시,강동구,천호동,0.0,90081.0,28.0,66.0,0.0,0.002489130270713582
서울특별시,강동구,길동,0.0,46868.0,22.0,32.0,0.0,0.0012952390262275122
서울특별시,강북구,번동,0.0,53590.0,16.0,39.0,0.0,0.0014145562728167282
서울특별시,강북구,수유동,0.0,66970.0,28.0,71.0,0.0,0.0017674765624269993
서울특별시,강북구,삼양동,0.0,24742.0,0.0,0.0,0.0,0.0006526509632711327
서울특별시,강북구,미아동,0.0,22723.0,28.0,71.0,0.0,0.0005994613473217232
서울특별시,강북구,송중동,0.0,30934.0,0.0,0.0,0.0,0.0008165324826828268
서울특별시,강북구,송천동,0.0,27871.0,0.0,0.0,0.0,0.0007353105015708907
서울특별시,강북구,삼각산동,0.0,32118.0,0.0,0.0,0.0,0.0008474399622209972
서울특별시,강북구,우이동,0.0,21076.0,4.0,5.0,0.0,0.0005563346316870669
서울특별시,강북구,인수동,0.0,31545.0,0.0,0.0,0.0,0.0008323456117488676
서울특별시,강서구,염창동,0.0,42017.0,6.0,18.0,0.0,0.0013980243651567764
서울특별시,강서구,등촌동,0.0,77214.0,13.0,54.0,0.0,0.0025696334732316075
서울특별시,강서구,화곡동,0.0,201246.0,33.0,141.0,0.0,0.00669686015946822
서울특별시,강서구,가양동,1.0,64711.0,4.0,31.0,4.0,0.0021534606673571737
서울특별시,강서구,외발산동,0.0,37530.0,8.0,10.0,0.0,0.0012492371962172122
서울특별시,강서구,공항동,1.0,27627.0,3.0,13.0,0.0,0.0009193178216120911
서울특별시,강서구,방화동,1.0,91569.0,12.0,42.0,0.0,0.0030476212381823817
서울특별시,강서구,우장산동,0.0,43987.0,0.0,0.0,0.0,0.0014641519957965831
서울특별시,관악구,보라매동,0.0,25278.0,0.0,0.0,0.0,0.0008963169066069412
서울특별시,관악구,청림동,0.0,15711.0,0.0,0.0,0.0,0.0005570534102809779
서울특별시,관악구,행운동,0.0,29799.0,0.0,0.0,0.0,0.0010566045330490804
서울특별시,관악구,낙성대동,0.0,17579.0,0.0,0.0,0.0,0.0006231810409207842
서울특별시,관악구,중앙동,0.0,15758.0,0.0,0.0,0.0,0.0005584909674687997
서울특별시,관악구,인헌동,0.0,26500.0,0.0,0.0,0.0,0.0009394436222415974
서울특별시,관악구,남현동,0.0,18598.0,2.0,19.0,1.0,0.0006591199706163311
서울특별시,관악구,서원동,0.0,23565.0,0.0,0.0,0.0,0.0008352207261245112
서울특별시,관악구,신원동,0.0,19290.0,0.0,0.0,0.0,0.000684277221403214
서울특별시,관악구,서림동,0.0,24410.0,0.0,0.0,0.0,0.0008654094270687707
서울특별시,관악구,신사동,0.0,25426.0,0.0,0.0,0.0,0.0009013483567643176
서울특별시,관악구,신림동,0.0,22667.0,34.0,152.0,0.0,0.0008035944679924299
서울특별시,관악구,난향동,0.0,15915.0,0.0,0.0,0.0,0.0005642411962200872
서울특별시,관악구,조원동,0.0,19232.0,0.0,0.0,0.0,0.0006821208856214812
서울특별시,관악구,대학동,0.0,24907.0,0.0,0.0,0.0,0.0008833788919165441
서울특별시,관악구,은천동,0.0,34595.0,0.0,0.0,0.0,0.001226236281212062
서울특별시,관악구,성현동,0.0,30472.0,0.0,0.0,0.0,0.0010803242266481414
서울특별시,관악구,청룡동,0.0,36325.0,0.0,0.0,0.0,0.001288051240288403
서울특별시,관악구,난곡동,0.0,28054.0,0.0,0.0,0.0,0.0009947895739727398
서울특별시,관악구,삼성동,0.0,23935.0,0.0,0.0,0.0,0.0008488775194088192
서울특별시,관악구,미성동,0.0,31787.0,0.0,0.0,0.0,0.0011270448352523525
서울특별시,광진구,화양동,1.0,25541.0,6.0,31.0,0.0,0.0006878711143727688
서울특별시,광진구,군자동,1.0,21903.0,14.0,12.0,0.0,0.0005901172256008811
서울특별시,광진구,중곡동,1.0,85192.0,24.0,52.0,0.0,0.0022950600503576285
서울특별시,광진구,능동,1.0,11913.0,10.0,6.0,0.0,0.00032057525288427887
서울특별시,광진구,구의동,1.0,79732.0,36.0,32.0,0.0,0.002147710438605886
서울특별시,광진구,광장동,1.0,35619.0,20.0,13.0,0.0,0.0009595694228711037
서울특별시,광진구,자양동,1.0,100209.0,44.0,54.0,0.0,0.0026990136201355762
서울특별시,구로구,신도림동,0.0,36494.0,4.0,13.0,0.0,0.00117879689401394
서울특별시,구로구,구로동,0.0,137774.0,16.0,114.0,0.0,0.004449239496308713
서울특별시,구로구,고척동,0.0,51400.0,7.0,27.0,0.0,0.0016596597733403585
서울특별시,구로구,개봉동,0.0,88741.0,9.0,44.0,0.0,0.002865770253922914
서울특별시,구로구,오류동,0.0,63115.0,12.0,25.0,0.0,0.0020377373137375125
서울특별시,구로구,수궁동,0.0,24297.0,0.0,0.0,0.0,0.0007849062245507455
서울특별시,구로구,가리봉동,0.0,14263.0,2.0,19.0,0.0,0.000460737078696912
서울특별시,구로구,항동,0.0,16404.0,3.0,1.0,0.0,0.0005297398237123621
서울특별시,금천구,가산동,0.0,25973.0,8.0,32.0,0.0,0.0005527407387175122
서울특별시,금천구,독산동,0.0,110856.0,40.0,75.0,0.0,0.0023583125666217916
서울특별시,금천구,시흥동,0.0,111006.0,38.0,67.0,0.0,0.002361187680997435
서울특별시,노원구,월계동,0.0,81490.0,30.0,39.0,0.0,0.0023309989800531757
서울특별시,노원구,공릉동,0.0,78684.0,30.0,45.0,0.0,0.0022504957775351503
서울특별시,노원구,하계동,0.0,50688.0,24.0,25.0,0.0,0.0014497764239183642
서울특별시,노원구,중계동,0.0,108836.0,44.0,54.0,0.0,0.0031130300902282777
서울특별시,노원구,상계동,0.0,207334.0,80.0,116.0,0.0,0.005929923399765248
서울특별시,도봉구,쌍문동,0.0,77641.0,20.0,42.0,0.0,0.0011299199496279963
서울특별시,도봉구,방학동,0.0,77682.0,13.0,63.0,0.0,0.0011306387282219073
서울특별시,도봉구,창동,0.0,122308.0,30.0,59.0,0.0,0.001780414577117396
서울특별시,도봉구,도봉동,0.0,49730.0,6.0,28.0,0.0,0.0007238100440683157
서울특별시,동대문구,회기동,0.0,12663.0,6.0,7.0,0.0,0.00032129403147818976
서울특별시,동대문구,휘경동,0.0,40354.0,14.0,20.0,0.0,0.0010249782749169993
서울특별시,동대문구,청량리동,0.0,20432.0,2.0,14.0,0.0,0.000518958144803698
서울특별시,동대문구,용신동,0.0,32602.0,6.0,0.0,0.0,0.0008280329401854019
서울특별시,동대문구,제기동,0.0,27017.0,16.0,27.0,0.0,0.0006864335571849469
서울특별시,동대문구,전농동,0.0,50171.0,20.0,24.0,0.0,0.001274394447004095
서울특별시,동대문구,답십리동,0.0,58997.0,26.0,22.0,0.0,0.001497934589710397
서울특별시,동대문구,장안동,0.0,72626.0,38.0,46.0,0.0,0.0018443858719754697
서울특별시,동대문구,이문동,0.0,42152.0,18.0,19.0,0.0,0.0010702613263333883
서울특별시,동작구,노량진동,0.0,45899.0,8.0,31.0,0.0,0.0010415101825769508
서울특별시,동작구,상도1동,0.0,46840.0,8.0,4.0,0.0,0.001063073540394279
서울특별시,동작구,상도동,0.0,82884.0,32.0,57.0,0.0,0.001881043580264928
서울특별시,동작구,사당동,0.0,105944.0,28.0,53.0,0.0,0.0024043143966320916
서울특별시,동작구,대방동,0.0,39172.0,16.0,15.0,0.0,0.0008891291206678316
서울특별시,동작구,신대방동,0.0,46289.0,8.0,26.0,0.0,0.0010501355257038821
서울특별시,동작구,흑석동,0.0,34544.0,18.0,22.0,0.0,0.0007841874459568346
서울특별시,마포구,용강동,0.0,22257.0,0.0,1.0,0.0,0.0006972152360936109
서울특별시,마포구,대흥동,0.0,15863.0,4.0,11.0,0.0,0.000496676008392459
서울특별시,마포구,염리동,0.0,12864.0,6.0,3.0,0.0,0.0004032347911840369
서울특별시,마포구,신수동,0.0,23606.0,4.0,8.0,0.0,0.0007396231731343563
서울특별시,마포구,서교동,0.0,26981.0,4.0,44.0,0.0,0.0008452836264392643
서울특별시,마포구,합정동,0.0,18576.0,2.0,12.0,0.0,0.0005822106610678607
서울특별시,마포구,망원동,0.0,40329.0,6.0,17.0,0.0,0.001263612768095431
서울특별시,마포구,연남동,0.0,16682.0,4.0,11.0,0.0,0.0005225520377732528
서울특별시,마포구,성산동,0.0,60348.0,18.0,27.0,0.0,0.00189038770198577
서울특별시,마포구,상암동,0.0,31997.0,16.0,27.0,0.0,0.001001977359911849
서울특별시,마포구,도화동,0.0,21998.0,10.0,11.0,0.0,0.0006893086715605906
서울특별시,마포구,서강동,0.0,25386.0,0.0,0.0,0.0,0.0007949691248654987
서울특별시,마포구,공덕동,0.0,38750.0,4.0,6.0,0.0,0.0012140170451155762
서울특별시,마포구,아현동,0.0,26221.0,4.0,8.0,0.0,0.0008215639328402034
서울특별시,서대문구,천연동,0.0,18049.0,4.0,1.0,0.0,0.0003601080755493805
서울특별시,서대문구,홍제동,1.0,54921.0,24.0,22.0,0.0,0.0010954185771202712
서울특별시,서대문구,홍은동,0.0,51000.0,8.0,39.0,0.0,0.0010170717103839789
서울특별시,서대문구,남가좌동,0.0,47137.0,10.0,23.0,0.0,0.0009401624008355084
서울특별시,서대문구,북가좌동,0.0,51504.0,6.0,27.0,0.0,0.001027134610698732
서울특별시,서대문구,충현동,0.0,21229.0,0.0,0.0,0.0,0.0004233605918135431
서울특별시,서대문구,북아현동,0.0,16956.0,6.0,9.0,0.0,0.0003385447177320523
서울특별시,서대문구,신촌동,0.0,23051.0,0.0,4.0,0.0,0.00046001830010300107
서울특별시,서대문구,연희동,0.0,39105.0,2.0,27.0,0.0,0.0007798747743933689
서울특별시,서초구,서초동,0.0,171512.0,32.0,72.0,3.0,0.006088054690425655
서울특별시,서초구,잠원동,0.0,28532.0,14.0,11.0,1.0,0.0010127590388205132
서울특별시,서초구,반포동,0.0,103250.0,22.0,34.0,0.0,0.0036650520503518787
서울특별시,서초구,방배동,0.0,104555.0,34.0,59.0,0.0,0.0037117726589560897
서울특별시,서초구,양재동,0.0,67599.0,16.0,39.0,1.0,0.002400001725068626
서울특별시,서초구,내곡동,0.0,18146.0,6.0,9.0,1.0,0.0006440256201442015
서울특별시,성동구,왕십리2동,0.0,17416.0,10.0,0.0,0.0,0.00029829311647303975
서울특별시,성동구,마장동,0.0,23459.0,12.0,16.0,0.0,0.0004025160125901259
서울특별시,성동구,사근동,0.0,13512.0,8.0,10.0,0.0,0.00023144670723932242
서울특별시,성동구,행당동,0.0,38514.0,8.0,18.0,0.0,0.000660557527804153
서울특별시,성동구,응봉동,0.0,15824.0,4.0,7.0,0.0,0.0002709795299044241
서울특별시,성동구,금호동1가,0.0,15795.0,6.0,4.0,0.0,0.0002709795299044241
서울특별시,성동구,금호동4가,0.0,14842.0,8.0,11.0,0.0,0.00025444762224447246
서울특별시,성동구,성수동1가,0.0,30589.0,8.0,28.0,0.0,0.0005247083735549856
서울특별시,성동구,성수동2가,0.0,28603.0,6.0,63.0,0.0,0.0004902070010472605
서울특별시,성동구,송정동,0.0,11143.0,4.0,5.0,0.0,0.00019119510598030983
서울특별시,성동구,용답동,0.0,12724.0,6.0,10.0,0.0,0.00021778991395501453
서울특별시,성동구,왕십리도선동,0.0,27588.0,0.0,0.0,0.0,0.00047295631479339796
서울특별시,성동구,금호동2가,0.0,11792.0,4.0,3.0,0.0,0.0002019767848889739
서울특별시,성동구,금호동3가,0.0,11792.0,2.0,7.0,0.0,0.0002019767848889739
서울특별시,성동구,옥수동,0.0,26912.0,10.0,4.0,0.0,0.0004614558572908229
서울특별시,성북구,돈암동,0.0,40065.0,26.0,6.0,0.0,0.0007798747743933689
서울특별시,성북구,안암동,0.0,16580.0,8.0,0.0,0.0,0.0003227315886660117
서울특별시,성북구,보문동,0.0,16123.0,10.0,0.0,0.0,0.0003141062455390804
서울특별시,성북구,정릉동,0.0,85505.0,32.0,38.0,0.0,0.001663972444903824
서울특별시,성북구,길음동,0.0,53735.0,28.0,10.0,0.0,0.0010458228541404165
서울특별시,성북구,월곡동,0.0,47504.0,16.0,0.0,0.0,0.0009243492717694677
서울특별시,성북구,장위동,0.0,51914.0,22.0,28.0,0.0,0.0010106027030387804
서울특별시,성북구,성북동,0.0,17404.0,10.0,7.0,3.0,0.0003385447177320523
서울특별시,성북구,삼선동,0.0,24144.0,4.0,0.0,0.0,0.0004700812004177542
서울특별시,성북구,동선동,0.0,16246.0,14.0,0.0,0.0,0.00031626258132081325
서울특별시,성북구,종암동,0.0,41353.0,20.0,9.0,0.0,0.0008050320251802518
서울특별시,성북구,석관동,0.0,36483.0,10.0,13.0,0.0,0.0007101532507840079
서울특별시,송파구,풍납동,0.0,40288.0,18.0,18.0,0.0,0.0015748438992588677
서울특별시,송파구,거여동,0.0,32407.0,10.0,16.0,0.0,0.0012672066610649856
서울특별시,송파구,마천동,0.0,39628.0,18.0,26.0,0.0,0.001548967869878074
서울특별시,송파구,방이동,0.0,42973.0,6.0,35.0,0.0,0.0016797855739698647
서울특별시,송파구,오륜동,0.0,18495.0,6.0,0.0,0.0,0.0007230912654744048
서울특별시,송파구,오금동,0.0,39668.0,10.0,25.0,0.0,0.0015511242056598065
서울특별시,송파구,송파동,0.0,45990.0,16.0,17.0,0.0,0.0017976652633712588
서울특별시,송파구,석촌동,0.0,33166.0,10.0,21.0,0.0,0.0012966765834153341
서울특별시,송파구,삼전동,0.0,31839.0,2.0,11.0,0.0,0.0012449245246537466
서울특별시,송파구,가락동,0.0,88448.0,26.0,46.0,0.0,0.003458043815305528
서울특별시,송파구,문정동,0.0,50415.0,4.0,43.0,0.0,0.001970890904503795
서울특별시,송파구,잠실동,0.0,149873.0,38.0,41.0,0.0,0.005859483097561975
서울특별시,송파구,장지동,0.0,30370.0,14.0,13.0,0.0,0.0011874222371408714
서울특별시,송파구,위례동,0.0,30366.0,6.0,0.0,0.0,0.0011874222371408714
서울특별시,양천구,목동,0.0,153553.0,40.0,65.0,0.0,0.003415635878264783
서울특별시,양천구,신월동,0.0,125465.0,46.0,93.0,0.0,0.0027910172801561767
서울특별시,양천구,신정동,0.0,177372.0,50.0,86.0,0.0,0.003946094480571056
서울특별시,영등포구,여의동,0.0,34463.0,12.0,0.0,0.0,0.001357053985303853
서울특별시,영등포구,당산동,0.0,59208.0,14.0,3.0,0.0,0.0023309989800531757
서울특별시,영등포구,양평동,0.0,40305.0,18.0,2.0,0.0,0.0015870631353553535
서울특별시,영등포구,신길동,0.0,102288.0,40.0,44.0,0.0,0.004027316461682992
서울특별시,영등포구,대림동,0.0,64500.0,26.0,45.0,0.0,0.002539444772287348
서울특별시,영등포구,영등포동,0.0,52539.0,10.0,9.0,0.0,0.0020686447932756827
서울특별시,영등포구,도림동,0.0,20665.0,2.0,8.0,0.0,0.0008136573683071831
서울특별시,영등포구,문래동,0.0,33399.0,10.0,0.0,0.0,0.0013153648268570187
서울특별시,용산구,후암동,0.0,18202.0,6.0,7.0,0.0,0.0003989221196205712
서울특별시,용산구,용산동2가,0.0,11272.0,2.0,5.0,0.0,0.00024725983630536307
서울특별시,용산구,남영동,0.0,8116.0,0.0,3.0,0.0,0.00017753831269600197
서울특별시,용산구,원효로2가,0.0,14331.0,2.0,1.0,0.0,0.0003141062455390804
서울특별시,용산구,효창동,0.0,10326.0,2.0,5.0,0.0,0.0002264152570819458
서울특별시,용산구,용문동,0.0,12455.0,0.0,2.0,0.0,0.00027313586568615685
서울특별시,용산구,이촌동,0.0,37769.0,14.0,10.0,0.0,0.0008280329401854019
서울특별시,용산구,이태원동,0.0,19559.0,6.0,29.0,0.0,0.00042839204197091973
서울특별시,용산구,서빙고동,0.0,14000.0,2.0,2.0,0.0,0.000306918459599971
서울특별시,용산구,보광동,0.0,15531.0,2.0,9.0,0.0,0.00034070105351378515
서울특별시,용산구,청파동1가,0.0,6832.0,0.0,7.0,0.0,0.00014950594753347535
서울특별시,용산구,청파동2가,0.0,6832.0,2.0,1.0,0.0,0.00014950594753347535
서울특별시,용산구,청파동3가,0.0,6832.0,0.0,3.0,0.0,0.00014950594753347535
서울특별시,용산구,원효로1가,0.0,16730.0,0.0,8.0,0.0,0.00036657708289457893
서울특별시,용산구,한강로1가,0.0,7365.0,0.0,3.0,0.0,0.0001617251836299613
서울특별시,용산구,한강로2가,0.0,7366.0,2.0,8.0,0.0,0.0001617251836299613
서울특별시,용산구,한강로3가,0.0,7366.0,2.0,7.0,0.0,0.0001617251836299613
서울특별시,용산구,한남동,0.0,23761.0,10.0,21.0,0.0,0.0005203957019915199
서울특별시,은평구,녹번동,0.0,37815.0,8.0,12.0,0.0,0.001004133695693582
서울특별시,은평구,불광동,0.0,68762.0,12.0,24.0,0.0,0.0018264164071276963
서울특별시,은평구,갈현동,0.0,52635.0,7.0,21.0,0.0,0.0013980243651567764
서울특별시,은평구,구산동,0.0,32997.0,7.0,11.0,0.0,0.0008761911059774347
서울특별시,은평구,대조동,0.0,27579.0,2.0,8.0,0.0,0.0007324353871952469
서울특별시,은평구,응암동,0.0,84594.0,12.0,25.0,0.0,0.0022469018845655956
서울특별시,은평구,신사동,0.0,48721.0,9.0,16.0,0.0,0.0012938014690396904
서울특별시,은평구,증산동,0.0,15487.0,2.0,8.0,0.0,0.00041114135571705717
서울특별시,은평구,수색동,0.0,11258.0,3.0,5.0,0.0,0.0002990118950669507
서울특별시,은평구,진관동,0.0,57256.0,11.0,13.0,2.0,0.0015209355047155473
서울특별시,은평구,역촌동,0.0,46939.0,3.0,16.0,0.0,0.0012470808604354794
서울특별시,종로구,사직동,0.0,9806.0,2.0,3.0,0.0,0.0002551664008383834
서울특별시,종로구,삼청동,0.0,2909.0,0.0,3.0,0.0,7.547175236064862e-05
서울특별시,종로구,부암동,0.0,10333.0,2.0,8.0,0.0,0.00026882319412269124
서울특별시,종로구,평창동,0.0,18582.0,4.0,13.0,0.0,0.0004830192151081511
서울특별시,종로구,무악동,0.0,8592.0,2.0,8.0,0.0,0.00022354014270630206
서울특별시,종로구,교남동,0.0,10634.0,0.0,1.0,0.0,0.0002767297586557116
서울특별시,종로구,가회동,0.0,4418.0,2.0,0.0,0.0,0.00011500457502575027
서울특별시,종로구,종로1가,0.0,2112.0,0.0,0.0,0.0,5.4627173137231376e-05
서울특별시,종로구,종로2가,0.0,2112.0,0.0,3.0,0.0,5.4627173137231376e-05
서울특별시,종로구,종로3가,0.0,2112.0,0.0,3.0,0.0,5.4627173137231376e-05
서울특별시,종로구,종로4가,0.0,2113.0,0.0,3.0,0.0,5.4627173137231376e-05
서울특별시,종로구,종로5가,0.0,2845.0,0.0,4.0,0.0,7.403419517282673e-05
서울특별시,종로구,종로6가,0.0,2846.0,2.0,0.0,0.0,7.403419517282673e-05
서울특별시,종로구,이화동,0.0,8111.0,2.0,2.0,0.0,0.00021060212801590517
서울특별시,종로구,창신동,0.0,22574.0,10.0,24.0,0.0,0.0005872421112252372
서울특별시,종로구,숭인동,0.0,16566.0,6.0,19.0,0.0,0.00043054837775265256
서울특별시,종로구,청운동,0.0,12633.0,4.0,1.0,0.0,0.0003284818174172992
서울특별시,종로구,혜화동,0.0,19734.0,6.0,7.0,0.0,0.0005132079160524105
서울특별시,중구,소공동,0.0,3011.0,0.0,3.0,0.0,8.984732423886739e-05
서울특별시,중구,회현동1가,0.0,5757.0,2.0,2.0,0.0,0.0001710693053508035
서울특별시,중구,명동1가,0.0,1843.0,0.0,1.0,0.0,5.4627173137231376e-05
서울특별시,중구,명동2가,0.0,1842.0,2.0,2.0,0.0,5.4627173137231376e-05
서울특별시,중구,필동2가,0.0,2377.0,2.0,3.0,0.0,7.044030220327203e-05
서울특별시,중구,필동3가,0.0,2377.0,0.0,2.0,0.0,7.044030220327203e-05
서울특별시,중구,장충동1가,0.0,2734.0,0.0,3.0,0.0,8.122198111193612e-05
서울특별시,중구,장충동2가,0.0,2734.0,2.0,6.0,0.0,8.122198111193612e-05
서울특별시,중구,광희1가,0.0,3208.0,0.0,0.0,0.0,9.559755299015491e-05
서울특별시,중구,광희2가,0.0,3208.0,0.0,0.0,0.0,9.559755299015491e-05
서울특별시,중구,을지로1가,0.0,281.0,0.0,1.0,0.0,8.62534312693127e-06
서울특별시,중구,을지로2가,0.0,281.0,0.0,2.0,0.0,8.62534312693127e-06
서울특별시,중구,을지로3가,0.0,281.0,0.0,3.0,0.0,8.62534312693127e-06
서울특별시,중구,을지로4가,0.0,281.0,0.0,2.0,0.0,8.62534312693127e-06
서울특별시,중구,을지로5가,0.0,281.0,0.0,5.0,0.0,8.62534312693127e-06
서울특별시,중구,을지로6가,0.0,281.0,0.0,1.0,0.0,8.62534312693127e-06
서울특별시,중구,을지로7가,0.0,281.0,0.0,2.0,0.0,8.62534312693127e-06
서울특별시,중구,황학동,0.0,13531.0,4.0,11.0,0.0,0.0004032347911840369
서울특별시,중구,중림동,0.0,12801.0,2.0,4.0,0.0,0.0003809526547727977
서울특별시,중구,신당동,0.0,20058.0,38.0,56.0,0.0,0.0005973050115399904
서울특별시,중구,다산동,0.0,14725.0,0.0,0.0,0.0,0.00043845494228567284
서울특별시,중구,약수동,0.0,17354.0,0.0,0.0,0.0,0.0005168018090219653
서울특별시,중구,청구동,0.0,14281.0,0.0,0.0,0.0,0.00042551692759527595
서울특별시,중구,동화동,0.0,10827.0,0.0,0.0,0.0,0.0003227315886660117
서울특별시,중랑구,상봉동,0.0,45126.0,8.0,25.0,0.0,0.0013433971920195453
서울특별시,중랑구,중화동,0.0,46473.0,12.0,28.0,0.0,0.0013829300146846468
서울특별시,중랑구,묵동,0.0,55260.0,10.0,18.0,0.0,0.0016445654228682287
서울특별시,중랑구,신내동,0.0,61133.0,14.0,17.0,1.0,0.0018192286211885869
서울특별시,중랑구,면목동,0.0,143278.0,28.0,72.0,1.0,0.004264513397673602
서울특별시,중랑구,망우동,0.0,48292.0,12.0,36.0,2.0,0.0014375571878218782
전라남도,신안군,지도읍,1.0,4798.0,2.0,0.0,0.0,0.0038598410493017434
전라남도,신안군,압해읍,1.0,6533.0,6.0,0.0,0.0,0.005255709078676787
전라남도,신안군,증도면,0.0,1948.0,2.0,0.0,0.0,0.0015669373347258473
전라남도,신안군,임자면,0.0,3290.0,2.0,0.0,1.0,0.0026465427827800777
전라남도,신안군,자은면,0.0,2331.0,2.0,0.0,0.0,0.0018752933515136401
전라남도,신안군,비금면,0.0,3638.0,2.0,0.0,0.0,0.002926866434405344
전라남도,신안군,도초면,1.0,2908.0,2.0,0.0,0.0,0.0023396243231801066
전라남도,신안군,흑산면,0.0,4194.0,2.0,0.0,0.0,0.003373946719817948
전라남도,신안군,하의면,0.0,1850.0,2.0,0.0,0.0,0.0014878716893956439
전라남도,신안군,신의면,0.0,1630.0,2.0,0.0,0.0,0.0013110521552935528
전라남도,신안군,장산면,0.0,1634.0,2.0,0.0,0.0,0.0013146460482631075
전라남도,신안군,안좌면,0.0,3163.0,2.0,0.0,0.0,0.0025444762224447245
전라남도,신안군,팔금면,0.0,1055.0,2.0,0.0,0.0,0.0008488775194088192
전라남도,신안군,암태면,1.0,2130.0,0.0,0.0,0.0,0.001713568167883679
전라북도,고창군,고창읍,1.0,21643.0,3.0,0.0,1.0,0.0029577739139435145
전라북도,고창군,고수면,1.0,2308.0,2.0,0.0,0.0,0.00031554380272690225
전라북도,고창군,아산면,1.0,2717.0,2.0,0.0,0.0,0.00037160853305195555
전라북도,고창군,무장면,1.0,2879.0,2.0,0.0,0.0,0.00039317189086928366
전라북도,고창군,공음면,1.0,2564.0,2.0,0.0,0.0,0.00035076395382853826
전라북도,고창군,상하면,1.0,2467.0,2.0,0.0,0.0,0.0003371071605442305
전라북도,고창군,해리면,1.0,2881.0,4.0,0.0,0.0,0.00039389066946319466
전라북도,고창군,성송면,1.0,1853.0,2.0,0.0,0.0,0.00025301006505665057
전라북도,고창군,대산면,0.0,3412.0,4.0,0.0,0.0,0.0004664873074481995
전라북도,고창군,심원면,1.0,2577.0,2.0,0.0,0.0,0.0003522015110163602
전라북도,고창군,흥덕면,1.0,3155.0,2.0,0.0,0.0,0.00043126715634656345
전라북도,고창군,성내면,1.0,1994.0,2.0,0.0,0.0,0.0002724170870922459
전라북도,고창군,신림면,1.0,2290.0,4.0,0.0,0.0,0.0003126686883512585
전라북도,고창군,부안면,1.0,2684.0,4.0,0.0,0.0,0.00036657708289457893
전라북도,무주군,무주읍,1.0,9551.0,3.0,0.0,0.0,0.0005606473032505325
전라북도,무주군,무풍면,1.0,2280.0,1.0,0.0,0.0,0.00013369281846743468
전라북도,무주군,설천면,1.0,4085.0,2.0,0.0,1.0,0.00024007205036625365
전라북도,무주군,적상면,1.0,2632.0,2.0,0.0,0.0,0.0001545373976908519
전라북도,무주군,안성면,1.0,4285.0,1.0,0.0,0.0,0.0002515725078688287
전라북도,무주군,부남면,1.0,1419.0,2.0,0.0,0.0,8.337831689366894e-05
전라북도,정읍시,신태인읍,0.0,5664.0,3.0,0.0,0.0,0.0018465422077572028
전라북도,정읍시,북면,0.0,4533.0,3.0,0.0,0.0,0.0014778087890808908
전라북도,정읍시,입암면,0.0,2883.0,2.0,0.0,0.0,0.0009401624008355084
전라북도,정읍시,소성면,0.0,2160.0,1.0,0.0,0.0,0.0007044030220327204
전라북도,정읍시,고부면,0.0,2888.0,1.0,0.0,0.0,0.0009415999580233303
전라북도,정읍시,영원면,0.0,1838.0,1.0,0.0,0.0,0.0005994613473217232
전라북도,정읍시,덕천면,0.0,1877.0,2.0,0.0,0.0,0.0006116805834182092
전라북도,정읍시,이평면,0.0,2139.0,1.0,0.0,0.0,0.0006972152360936109
전라북도,정읍시,정우면,0.0,2622.0,2.0,0.0,0.0,0.0008546277481601066
전라북도,정읍시,태인면,0.0,3577.0,2.0,0.0,0.0,0.0011665776579174543
전라북도,정읍시,감곡면,0.0,2874.0,1.0,0.0,0.0,0.0009372872864598646
전라북도,정읍시,옹동면,0.0,1736.0,1.0,0.0,0.0,0.0005656787534079091
전라북도,정읍시,칠보면,0.0,2380.0,2.0,0.0,0.0,0.0007762808814238143
전라북도,정읍시,산내면,0.0,1231.0,1.0,0.0,0.0,0.00040107845540230405
전라북도,정읍시,산외면,0.0,2152.0,1.0,0.0,0.0,0.0007015279076570765
전라북도,정읍시,수성동,0.0,18063.0,3.0,0.0,0.0,0.005888953019912325
전라북도,정읍시,장명동,0.0,3057.0,1.0,0.0,0.0,0.0009969459097544724
전라북도,정읍시,내장상동,0.0,20778.0,0.0,0.0,0.0,0.006774488247610602
전라북도,정읍시,시기동,0.0,3471.0,2.0,0.0,0.0,0.0011313575068158182
전라북도,정읍시,초산동,0.0,11030.0,0.0,0.0,0.0,0.0035960493053364285
전라북도,정읍시,연지동,0.0,6130.0,3.0,0.0,0.0,0.0019989232696663215
전라북도,정읍시,농소동,0.0,4189.0,0.0,0.0,0.0,0.0013656793284307844
전라북도,정읍시,상교동,0.0,3967.0,0.0,0.0,0.0,0.0012930826904457794
충청남도,아산시,염치읍,0.0,6980.0,3.0,0.0,0.0,0.0022037751689309394
충청남도,아산시,배방읍,0.0,74906.0,20.0,0.0,0.0,0.023649253296857718
충청남도,아산시,송악면,1.0,4355.0,2.0,0.0,1.0,0.0013750234501516264
충청남도,아산시,탕정면,0.0,21879.0,5.0,0.0,0.0,0.006907462287484125
충청남도,아산시,음봉면,1.0,20996.0,5.0,0.0,0.0,0.006628576193046681
충청남도,아산시,둔포면,1.0,25135.0,6.0,0.0,0.0,0.007935315676776768
충청남도,아산시,영인면,1.0,6397.0,3.0,0.0,0.0,0.002019767848889739
충청남도,아산시,인주면,1.0,7478.0,2.0,0.0,0.0,0.002361187680997435
충청남도,아산시,선장면,1.0,3664.0,2.0,0.0,0.0,0.001156514757602701
충청남도,아산시,도고면,1.0,4630.0,2.0,0.0,0.0,0.00146199566001485
충청남도,아산시,신창면,0.0,25247.0,5.0,0.0,0.0,0.007971254606472316
충청남도,아산시,온양1동,0.0,10085.0,0.0,0.0,0.0,0.0031841891710254603
충청남도,아산시,온양2동,0.0,7869.0,0.0,0.0,0.0,0.0024840988205562056
충청남도,아산시,온양3동,0.0,37848.0,0.0,0.0,0.0,0.011948975345175453
충청남도,아산시,온양4동,0.0,19078.0,0.0,0.0,1.0,0.00602336461697367
충청남도,아산시,온양5동,0.0,26973.0,0.0,0.0,0.0,0.008516088780656806
충청남도,아산시,온양6동,0.0,29554.0,0.0,0.0,0.0,0.0093304649275579
충청북도,진천군,진천읍,1.0,31917.0,12.0,0.0,0.0,0.02668034262738015
충청북도,진천군,덕산면,0.0,22439.0,5.0,0.0,0.0,0.01875796496529378
충청북도,진천군,초평면,1.0,3508.0,4.0,0.0,0.0,0.0029326166631566315
충청북도,진천군,문백면,1.0,4147.0,4.0,0.0,0.0,0.0034666691584324593
충청북도,진천군,백곡면,1.0,2167.0,2.0,0.0,0.0,0.0018113220566555665
충청북도,진천군,이월면,0.0,8078.0,6.0,0.0,0.0,0.006752924889793273
충청북도,진천군,광혜원면,1.0,12009.0,3.0,0.0,0.0,0.010038461842560176
