시도명,시군구명,읍/면/동,설치유무,등록인구수,어린이보호구역개수,화재발생횟수,예상범죄비율
강원도,강릉시,주문진읍,1.0,0.08190289594201361,0.1,0.0,0.0002580415152140271
강원도,강릉시,성산면,0.0,0.0158285115890764,0.037500000000000006,0.0,5.1033280167676674e-05
강원도,강릉시,왕산면,0.0,0.007407550393058619,0.025,0.0,2.5157250786882868e-05
강원도,강릉시,구정면,0.0,0.019221024896125396,0.0625,0.0,6.181495907634077e-05
강원도,강릉시,강동면,1.0,0.022087529738781305,0.037500000000000006,0.0,7.115908079718298e-05
강원도,강릉시,옥계면,0.0,0.018067666887043303,0.05,0.0,5.822106610678607e-05
강원도,강릉시,사천면,0.0,0.021658036588955754,0.037500000000000006,0.0,6.972152360936109e-05
강원도,강릉시,연곡면,0.0,0.032612524792371436,0.037500000000000006,0.0,0.00010350411752317524
강원도,강릉시,홍제동,0.0,0.07053339188595752,0.025,0.0,0.00022210258551848017
강원도,강릉시,중앙동,0.0,0.025634467549138364,0.0,0.0,8.194075970584705e-05
강원도,강릉시,옥천동,0.0,0.017281067073317863,0.025,0.0,5.606473032505325e-05
강원도,강릉시,교1동,0.0,0.13088924385076803,0.037500000000000006,0.0,0.00041114135571705717
강원도,강릉시,교2동,0.0,0.039431331766568066,0.05,0.0,0.0001250674753405034
강원도,강릉시,포남1동,0.0,0.05342605237886122,0.037500000000000006,0.0,0.0001689129695690707
강원도,강릉시,포남2동,0.0,0.0679371299240907,0.05,0.0,0.00021419602098545986
강원도,강릉시,초당동,0.0,0.024288078910921194,0.0125,0.0,7.762808814238142e-05
강원도,강릉시,송정동,0.0,0.03368384478407112,0.025,0.0,0.00010709801049272993
강원도,강릉시,내곡동,0.0,0.07695166030469885,0.025,0.0,0.00024222838614798648
강원도,강릉시,강남동,0.0,0.09167989730770532,0.0,0.0,0.0002882302161582866
강원도,강릉시,성덕동,0.0,0.13988447116846264,0.0,0.0,0.00043917372087958384
강원도,강릉시,경포동,0.0,0.03683506980470127,0.0,0.0,0.00011716091080748307
강원도,고성군,간성읍,0.0,0.03520396098850986,0.05,0.0,0.0007209349296926719
강원도,고성군,거진읍,0.0,0.03280555542150651,0.025,0.0,0.000672776763900639
강원도,고성군,현내면,0.0,0.011654224234030336,0.0125,0.0,0.0002458222791175412
강원도,고성군,죽왕면,0.0,0.018777054449114716,0.025,0.0,0.000389577997899729
강원도,고성군,토성면,0.0,0.03934929374918566,0.037500000000000006,0.0,0.0008043132465863408
강원도,동해시,천곡동,0.0,0.1479338484033954,0.1375,0.0,0.00026882319412269124
강원도,동해시,송정동,0.0,0.021532566680017955,0.025,0.0,4.0251601259012594e-05
강원도,동해시,북삼동,0.0,0.09864347725375325,0.0,0.0,0.00017969464847773477
강원도,동해시,부곡동,0.0,0.026918121232886633,0.025,0.0,4.95957229798548e-05
강원도,동해시,동호동,0.0,0.023496653331467374,0.0,0.0,4.384549422856728e-05
강원도,동해시,발한동,0.0,0.01884944093504037,0.0625,0.0,3.5220151101636017e-05
강원도,동해시,묵호동,0.0,0.01715559716438006,0.0,0.0,3.234503672599226e-05
강원도,동해시,북평동,0.0,0.05085391924563631,0.025,0.0,9.34412172084221e-05
강원도,동해시,망상동,0.0,0.0189266531866944,0.025,0.0,3.5220151101636017e-05
강원도,동해시,삼화동,0.0,0.014868184209129385,0.0,0.0,2.8032365162526626e-05
강원도,삼척시,도계읍,0.0,0.05498477470912698,0.0625,0.0,0.0003838277691484415
강원도,삼척시,원덕읍,0.0,0.025571732594669463,0.025,0.0,0.00018041342707164572
강원도,삼척시,근덕면,0.0,0.026310074751111138,0.037500000000000006,0.0,0.0001854448772290223
강원도,삼척시,하장면,0.0,0.006046684457656319,0.0,0.0,4.5283051416389165e-05
강원도,삼척시,노곡면,0.0,0.0029437170943099403,0.0,0.0,2.4438472192971934e-05
강원도,삼척시,미로면,0.0,0.008850454345843327,0.0125,0.0,6.469007345198452e-05
강원도,삼척시,가곡면,0.0,0.0030016262830504636,0.0125,0.0,2.4438472192971934e-05
강원도,삼척시,신기면,0.0,0.002707254573619469,0.0125,0.0,2.2282136411239114e-05
강원도,삼척시,남양동,0.0,0.03874607303313854,0.0125,0.0,0.00027169830849833496
강원도,삼척시,교동,0.0,0.07088567278412904,0.0125,0.0,0.0004930821154229042
강원도,삼척시,정라동,0.0,0.045859251716766164,0.0,0.0,0.00032057525288427887
강원도,삼척시,성내동,0.0,0.041081743645672984,0.0,0.0,0.00028751143756437563
강원도,속초시,영랑동,0.0,0.02370898702351596,0.025,0.0,0.00010350411752317524
강원도,속초시,동명동,0.0,0.02026339029345482,0.0,0.0,8.912854564495645e-05
강원도,속초시,금호동,0.0,0.03256909290081604,0.0,0.0,0.000141599383000455
강원도,속초시,교동,0.0,0.04943514412149348,0.0125,0.0,0.00021347724239154895
강원도,속초시,노학동,0.0,0.1094338894224041,0.037500000000000006,0.0,0.0004700812004177542
강원도,속초시,조양동,0.0,0.120301513842709,0.05,0.0,0.0005168018090219653
강원도,속초시,청호동,0.0,0.02299959946144455,0.0125,0.0,0.00010062900314753147
강원도,속초시,대포동,0.0,0.015987761858112837,0.0125,0.0,7.044030220327203e-05
강원도,양구군,양구읍,0.0,0.07188460628990306,0.037500000000000006,0.0,0.0009006295781704066
강원도,양구군,남면,0.0,0.016658543294357234,0.037500000000000006,0.0,0.00021419602098545986
강원도,양구군,동면,0.0,0.010385047847467197,0.025,0.0,0.00013584915424916748
강원도,양구군,방산면,0.0,0.006524435264765637,0.0125,0.0,8.769098845713457e-05
강원도,양구군,해안면,0.0,0.006027381394742811,0.0125,0.0,8.194075970584705e-05
강원도,양양군,양양읍,0.0,0.05709363433242771,0.025,0.0,8.2659538299758e-05
강원도,양양군,서면,0.0,0.014014023675206664,0.05,0.0,2.0844579223417235e-05
강원도,양양군,손양면,0.0,0.011446716307710127,0.025,0.0,1.725068625386254e-05
강원도,양양군,현북면,0.0,0.01223331612143557,0.025,0.0,1.7969464847773477e-05
강원도,양양군,현남면,0.0,0.014583464031155145,0.037500000000000006,0.0,2.1563357817328173e-05
강원도,양양군,강현면,0.0,0.02079905028930466,0.025,0.0,3.0188700944259442e-05
강원도,영월군,영월읍,0.0,0.10449713108227449,0.1125,0.0,0.0001782570912899129
강원도,영월군,상동읍,0.0,0.004970538700228259,0.025,0.0,9.344121720842209e-06
강원도,영월군,중동면,0.0,0.0069056707573074165,0.037500000000000006,0.0,1.2938014690396905e-05
강원도,영월군,김삿갓면,0.0,0.008145892549500293,0.0,0.0,1.5094350472129721e-05
강원도,영월군,북면,0.0,0.010385047847467197,0.025,0.0,1.8688243441684418e-05
강원도,영월군,남면,0.0,0.010631161899614421,0.025,0.0,1.8688243441684418e-05
강원도,영월군,한반도면,0.0,0.014602767094068653,0.05,0.0,2.587602938079381e-05
강원도,영월군,주천면,0.0,0.018588849585708014,0.037500000000000006,0.0,3.234503672599226e-05
강원도,영월군,수주면,0.0,0.00938611434169317,0.025,0.0,1.6531907659951602e-05
강원도,원주시,문막읍,0.0,0.09465739476211389,0.08750000000000001,0.0,0.0001868824344168442
강원도,원주시,소초면,0.0,0.04491340163400428,0.05,0.0,8.912854564495645e-05
강원도,원주시,호저면,0.0,0.01918241877029838,0.05,0.0,3.881404407119071e-05
강원도,원주시,지정면,0.0,0.045965418562790454,0.0625,0.0,9.128488142668927e-05
강원도,원주시,부론면,0.0,0.010993094329242694,0.0125,0.0,2.300091500515005e-05
강원도,원주시,귀래면,0.0,0.010114804966678088,0.0125,0.0,2.0844579223417235e-05
강원도,원주시,흥업면,0.0,0.0462694418036782,0.025,0.0,9.20036600206002e-05
강원도,원주시,판부면,0.0,0.03620772026001226,0.05,0.0,7.187785939109391e-05
강원도,원주시,신림면,0.0,0.017811901303439327,0.025,0.0,3.5938929695546954e-05
강원도,원주시,중앙동,0.0,0.013999546378021534,0.0,0.0,2.8751143756437567e-05
강원도,원주시,원인동,0.0,0.027781933298266108,0.0,0.0,5.5345951731142314e-05
강원도,원주시,개운동,0.0,0.06646527137693574,0.037500000000000006,0.0,0.00013153648268570187
강원도,원주시,명륜1동,0.0,0.045270508297904175,0.0,0.0,8.984732423886739e-05
강원도,원주시,명륜2동,0.0,0.08218279035425947,0.0,0.0,0.00016244396222387224
강원도,원주시,단구동,0.0,0.2214688665724034,0.1,0.0,0.00043629860650394006
강원도,원주시,일산동,0.0,0.040164848157281365,0.037500000000000006,0.0,7.978442392411424e-05
강원도,원주시,학성동,0.0,0.025369050434077632,0.025,0.0,5.1033280167676674e-05
강원도,원주시,단계동,0.0,0.12704310856525158,0.1,0.0,0.0002508537292749178
강원도,원주시,우산동,0.0,0.07061060413761154,0.025,0.0,0.00014016182581263312
강원도,원주시,태장1동,0.0,0.05070432050805662,0.0,0.0,0.00010062900314753147
강원도,원주시,태장2동,0.0,0.11604036270455216,0.0,0.0,0.0002292903714575896
강원도,원주시,봉산동,0.0,0.0431713002060602,0.05,0.0,8.625343126931269e-05
강원도,원주시,행구동,0.0,0.03818628420864681,0.0125,0.0,7.619053095455955e-05
강원도,원주시,무실동,0.0,0.16858812572084875,0.1,0.0,0.00033207571038685387
강원도,원주시,반곡관설동,0.0,0.199777049623349,0.0,0.0,0.00039389066946319466
강원도,인제군,인제읍,1.0,0.046341828289603856,0.07500000000000001,0.0,0.0013908365792176672
강원도,인제군,남면,1.0,0.020123443087331886,0.0625,0.0,0.000613118140606031
강원도,인제군,북면,1.0,0.041631880938707955,0.07500000000000001,0.0,0.001250674753405034
강원도,인제군,기린면,1.0,0.02445215494568601,0.025,0.0,0.0007410607303221783
강원도,인제군,서화면,1.0,0.013854773406170225,0.037500000000000006,0.0,0.0004269544847830979
강원도,인제군,상남면,1.0,0.006944276883134432,0.037500000000000006,0.0,0.00022210258551848017
강원도,정선군,정선읍,0.0,0.05285661202291274,0.05,0.0,6.397129485807359e-05
강원도,정선군,고한읍,0.0,0.02130092992505586,0.025,0.0,2.6594807974704747e-05
강원도,정선군,사북읍,0.0,0.024263950082279308,0.025,0.0,2.94699223503485e-05
강원도,정선군,신동읍,0.0,0.0174403173423543,0.0125,0.0,2.1563357817328173e-05
강원도,정선군,남면,0.0,0.01606497410976687,0.025,0.0,2.0125800629506297e-05
강원도,정선군,북평면,0.0,0.012030633960843737,0.025,0.0,1.5094350472129721e-05
강원도,정선군,임계면,0.0,0.017276241307589486,0.0,0.0,2.1563357817328173e-05
강원도,정선군,화암면,0.0,0.007668141742390975,0.025,0.0,1.0062900314753149e-05
강원도,정선군,여량면,0.0,0.009400591638878299,0.0125,0.0,1.2219236096485967e-05
강원도,철원군,철원읍,0.0,0.024761003952302137,0.037500000000000006,0.0,0.00011069190346228463
강원도,철원군,김화읍,0.0,0.01850198580259723,0.037500000000000006,0.0,8.337831689366894e-05
강원도,철원군,갈말읍,0.0,0.061287224750387274,0.08750000000000001,0.0,0.0002702607513105131
강원도,철원군,동송읍,0.0,0.0784090415546687,0.08750000000000001,0.0,0.00034501372507725076
강원도,철원군,서면,0.0,0.02929239797124809,0.0625,0.0,0.00013009892549787998
강원도,철원군,근남면,0.0,0.011408110181883112,0.0125,0.0,5.2470837355498556e-05
강원도,철원군,근북면,0.0,0.0,0.0,0.0,2.1563357817328174e-06
강원도,춘천시,신북읍,1.0,0.03844687555797917,0.125,0.0,6.828396642153921e-05
강원도,춘천시,동면,1.0,0.09654909492763765,0.1,0.0,0.00017035052675689257
강원도,춘천시,동산면,1.0,0.0069828830089614475,0.0125,0.0,1.2938014690396905e-05
강원도,춘천시,신동면,1.0,0.011972724772103214,0.037500000000000006,0.0,2.2282136411239114e-05
강원도,춘천시,남면,0.0,0.00487402338566072,0.0,0.0,9.344121720842209e-06
강원도,춘천시,서면,1.0,0.019100380752915973,0.07500000000000001,0.0,3.450137250772508e-05
강원도,춘천시,사북면,1.0,0.01235878603037337,0.05,0.0,2.300091500515005e-05
강원도,춘천시,북산면,0.0,0.00424184807524334,0.025,0.0,8.62534312693127e-06
강원도,춘천시,동내면,1.0,0.0858407207763692,0.07500000000000001,0.0,0.00015166228331520815
강원도,춘천시,남산면,0.0,0.017512703828279956,0.07500000000000001,0.0,3.162625813208132e-05
강원도,춘천시,교동,1.0,0.020538458939972304,0.025,0.0,3.66577082894579e-05
강원도,춘천시,조운동,0.0,0.015046737541079332,0.0,0.0,2.7313586568615688e-05
강원도,춘천시,약사명동,0.0,0.012764150351557034,0.025,0.0,2.3719693599060993e-05
강원도,춘천시,근화동,1.0,0.04383243011084784,0.0125,0.0,7.762808814238142e-05
강원도,춘천시,소양동,0.0,0.052205133649581854,0.0125,0.0,9.272243861451115e-05
강원도,춘천시,후평1동,0.0,0.062252377896062666,0.037500000000000006,0.0,0.00010997312486837368
강원도,춘천시,후평2동,0.0,0.07536398338006284,0.05,0.0,0.00013297403987352373
강원도,춘천시,후평3동,0.0,0.08769864058179433,0.05,0.0,0.0001545373976908519
강원도,춘천시,효자1동,0.0,0.023935798012749677,0.025,0.0,4.3126715634656345e-05
강원도,춘천시,효자2동,0.0,0.061793930151866856,0.025,0.0,0.00010925434627446275
강원도,춘천시,효자3동,0.0,0.025200148633584437,0.025,0.0,4.5283051416389165e-05
강원도,춘천시,석사동,1.0,0.18307990020316475,0.07500000000000001,0.0,0.00032201281007210075
강원도,춘천시,퇴계동,1.0,0.21392136897322184,0.1125,0.0,0.0003766399832093321
강원도,춘천시,강남동,0.0,0.08604822870268941,0.0,0.0,0.00015166228331520815
강원도,춘천시,신사우동,0.0,0.10015876769246361,0.0,0.0,0.00017681953410209102
강원도,태백시,황지동,0.0,0.03207203903079322,0.05,0.0,0.000731716608601336
강원도,태백시,황연동,0.0,0.022739008112112193,0.0,0.0,0.0005225520377732528
강원도,태백시,삼수동,0.0,0.03016586156808432,0.0,0.0,0.0006885898929666796
강원도,태백시,상장동,0.0,0.06843900955984192,0.0,0.0,0.001547530312690252
강원도,태백시,문곡소도동,0.0,0.01901351696980519,0.0125,0.0,0.00043845494228567284
강원도,태백시,장성동,0.0,0.01663924023144373,0.037500000000000006,0.0,0.0003852653263362634
강원도,태백시,구문소동,0.0,0.01353144710236897,0.0,0.0,0.00031554380272690225
강원도,태백시,철암동,0.0,0.010737328745638715,0.0125,0.0,0.00025301006505665057
강원도,평창군,평창읍,0.0,0.04208550291717539,0.05,0.0,0.00015885006925431754
강원도,평창군,미탄면,0.0,0.007885301200167937,0.0125,0.0,3.162625813208132e-05
강원도,평창군,방림면,0.0,0.011577011982376303,0.025,0.0,4.5283051416389165e-05
강원도,평창군,대화면,0.0,0.026174953310716582,0.05,0.0,9.91914459597096e-05
강원도,평창군,봉평면,0.0,0.028003918521771445,0.0125,0.0,0.00010637923189881899
강원도,평창군,용평면,0.0,0.015191510512930639,0.05,0.0,5.822106610678607e-05
강원도,평창군,진부면,0.0,0.04422814290057475,0.05,0.0,0.00016675663378733788
강원도,평창군,대관령면,0.0,0.028100433836338985,0.037500000000000006,0.0,0.00010637923189881899
강원도,홍천군,홍천읍,0.0,0.1727913676702651,0.17500000000000002,0.0,0.0003787963189910649
강원도,홍천군,화촌면,0.0,0.022309514962286645,0.037500000000000006,0.0,4.95957229798548e-05
강원도,홍천군,두촌면,0.0,0.01115717036400751,0.0125,0.0,2.587602938079381e-05
강원도,홍천군,내촌면,0.0,0.011263337210031803,0.025,0.0,2.587602938079381e-05
강원도,홍천군,서석면,0.0,0.018492334271140477,0.025,0.0,4.168915844683447e-05
강원도,홍천군,동면,0.0,0.018140053372968958,0.025,0.0,4.0970379852923525e-05
강원도,홍천군,남면,0.0,0.029224837251050816,0.025,0.0,6.469007345198452e-05
강원도,홍천군,서면,0.0,0.018207614093166236,0.05,0.0,4.0970379852923525e-05
강원도,홍천군,북방면,0.0,0.018825312106398488,0.0125,0.0,4.240793704074541e-05
강원도,홍천군,내면,0.0,0.01627248203608708,0.037500000000000006,0.0,3.66577082894579e-05
강원도,화천군,화천읍,0.0,0.041265122743351305,0.05,0.0,0.00023791571458452084
강원도,화천군,간동면,0.0,0.013097128186815044,0.05,0.0,7.762808814238142e-05
강원도,화천군,하남면,0.0,0.013328764941777137,0.0625,0.0,7.906564533020331e-05
강원도,화천군,상서면,0.0,0.01989663209809817,0.1,0.0,0.00011644213221357214
강원도,화천군,사내면,0.0,0.03198034948195405,0.08750000000000001,0.0,0.00018472609863511136
강원도,횡성군,횡성읍,0.0,0.10211320281245628,0.07500000000000001,0.0,0.0001250674753405034
강원도,횡성군,우천면,0.0,0.022150264693250207,0.037500000000000006,0.0,2.8032365162526626e-05
강원도,횡성군,안흥면,0.0,0.01467032781426593,0.025,0.0,1.8688243441684418e-05
강원도,횡성군,둔내면,0.0,0.02779158482972286,0.0125,0.0,3.450137250772508e-05
강원도,횡성군,갑천면,0.0,0.010853147123119761,0.0125,0.0,1.3656793284307844e-05
강원도,횡성군,청일면,0.0,0.011186124958377772,0.0125,0.0,1.4375571878218783e-05
강원도,횡성군,공근면,0.0,0.01695291500378823,0.025,0.0,2.1563357817328173e-05
강원도,횡성군,서원면,0.0,0.009902471274629503,0.025,0.0,1.2938014690396905e-05
강원도,횡성군,강림면,0.0,0.007923907325994952,0.0125,0.0,1.0062900314753149e-05
경기도,가평군,가평읍,1.0,0.047963285574338516,0.07500000000000001,0.0,0.03522158865882384
경기도,가평군,설악면,1.0,0.023593168646034914,0.05,0.0,0.01752669723392434
경기도,가평군,청평면(외서면),0.0,0.034538005317993836,0.05,0.0,0.025473513368203683
경기도,가평군,상면,1.0,0.013463886382171691,0.037500000000000006,0.0,0.010172154661027612
경기도,가평군,조종면,1.0,0.024567973323167056,0.0125,0.0,0.018234694148926613
경기도,가평군,북면,1.0,0.009405417404606677,0.025,0.0,0.0072251624259927595
광주광역시,광산구,송정1동,0.0,0.05550595740779169,0.025,0.0,0.0018055718279042792
광주광역시,광산구,송정2동,0.0,0.03260769902664306,0.037500000000000006,0.0,0.0010681049905516555
광주광역시,광산구,도산동,1.0,0.07851038263496461,0.17500000000000002,0.0,0.0025459137796325464
광주광역시,광산구,신흥동,0.0,0.023448395674183605,0.0,0.0,0.0007726869884542596
광주광역시,광산구,어룡동,0.0,0.16563475709508207,0.0,0.0,0.005352025410260852
광주광역시,광산구,우산동,1.0,0.11897442826740534,0.1,0.0,0.00384977814898699
광주광역시,광산구,월곡1동,0.0,0.0631451445558124,0.08750000000000001,0.0,0.00205139410702182
광주광역시,광산구,월곡2동,0.0,0.0979823473489656,0.1,0.0,0.003173407492116796
광주광역시,광산구,비아동,1.0,0.0376023665555132,0.1375,0.0,0.001228392616993795
광주광역시,광산구,첨단1동,0.0,0.12527687830866563,0.0,0.0,0.004052473712469875
광주광역시,광산구,첨단2동,0.0,0.21546561400630246,0.0,0.0,0.00695705801046398
광주광역시,광산구,신가동,1.0,0.10585799701767679,0.225,0.0,0.003427136335767358
광주광역시,광산구,운남동,1.0,0.15264862152001968,0.2625,0.0,0.004934415047198598
광주광역시,광산구,신창동,1.0,0.1672417370826316,0.1875,0.0,0.005403777469022441
광주광역시,광산구,수완동,0.0,0.3831657988331299,0.1625,0.0,0.012358679143704688
광주광역시,광산구,하남동,0.0,0.12066827203806565,0.05,0.0,0.0039044053221242215
광주광역시,광산구,임곡동,0.0,0.010259577938529397,0.025,0.0,0.00034788883945289454
광주광역시,광산구,동곡동,0.0,0.009410243170335054,0.0,0.0,0.00032057525288427887
광주광역시,광산구,평동,0.0,0.025571732594669463,0.0,0.0,0.0008409709548757987
광주광역시,광산구,삼도동,0.0,0.010814540997292746,0.0125,0.0,0.000365858304300668
광주광역시,광산구,본량동,0.0,0.00967083451966741,0.0,0.0,0.00032920059601121015
광주광역시,남구,양림동,0.0,0.03609190188253122,0.025,0.0,0.0005994613473217232
광주광역시,남구,방림1동,0.0,0.03455730838090734,0.025,0.0,0.0005743040965348403
광주광역시,남구,방림2동,0.0,0.044918227399732655,0.037500000000000006,0.0,0.0007439358446978219
광주광역시,남구,봉선1동,0.0,0.07242991781720966,0.07500000000000001,0.0,0.0011946100230799809
광주광역시,남구,봉선2동,0.0,0.14230700556410789,0.07500000000000001,0.0,0.0023389055445861956
광주광역시,남구,사직동,1.0,0.02681195438686234,0.0,0.0,0.0004477990640065151
광주광역시,남구,월산동,0.0,0.038084943128350895,0.0125,0.0,0.0006325251626416265
광주광역시,남구,월산4동,0.0,0.043972377316970776,0.0125,0.0,0.0007288414942256923
광주광역시,남구,월산5동,0.0,0.03241466839750798,0.0125,0.0,0.0005398027240271153
광주광역시,남구,백운1동,0.0,0.062281332490432925,0.0125,0.0,0.001028572167886554
광주광역시,남구,백운2동,0.0,0.029910095984480342,0.025,0.0,0.0004988323441741918
광주광역시,남구,주월1동,0.0,0.09685794393425377,0.07500000000000001,0.0,0.001594250921294463
광주광역시,남구,주월2동,0.0,0.04142919877811612,0.07500000000000001,0.0,0.0006871523357788579
광주광역시,남구,효덕동,1.0,0.22911287948615247,0.0,0.0,0.0037599308247481225
광주광역시,남구,송암동,0.0,0.0926016185618253,0.0,0.0,0.001524529397685102
광주광역시,남구,대촌동,1.0,0.027294530959700036,0.0,0.0,0.0004557056285395354
광주광역시,동구,충장동,0.0,0.02118028578184644,0.0,0.0,0.0003457325036711617
광주광역시,동구,동명동,0.0,0.019076251924274087,0.0125,0.0,0.0003119499097573476
광주광역시,동구,계림1동,0.0,0.02893046554161982,0.05,0.0,0.0004686436432299323
광주광역시,동구,계림2동,0.0,0.039368596812099164,0.05,0.0,0.0006346814984233592
광주광역시,동구,산수1동,0.0,0.042404003455248265,0.0625,0.0,0.0006835584428093031
광주광역시,동구,산수2동,0.0,0.0513992307729429,0.0625,0.0,0.00082659538299758
광주광역시,동구,지산1동,0.0,0.022705227752013554,0.025,0.0,0.00037017097586413366
광주광역시,동구,지산2동,0.0,0.023998532967218576,0.025,0.0,0.00039029677649363994
광주광역시,동구,서남동,0.0,0.01772986328605692,0.0,0.0,0.0002903865519400194
광주광역시,동구,학동,0.0,0.041096220942858114,0.037500000000000006,0.0,0.000662713863585886
광주광역시,동구,학운동,0.0,0.059231448550098695,0.0,0.0,0.0009509440797441725
광주광역시,동구,지원1동,0.0,0.03934446798345728,0.0,0.0,0.0006346814984233592
광주광역시,동구,지원2동,0.0,0.0714551131400775,0.0,0.0,0.0011457330786940369
광주광역시,북구,중흥1동,0.0,0.023477350268553868,0.025,0.0,0.0009150051500486255
광주광역시,북구,중흥2동,0.0,0.03359215523523196,0.025,0.0,0.0013002704763848889
광주광역시,북구,중흥3동,0.0,0.022685924689100048,0.037500000000000006,0.0,0.0008848164491043661
광주광역시,북구,중앙동,0.0,0.015799556994706136,0.0,0.0,0.0006224622623268733
광주광역시,북구,임동,0.0,0.03980774149338147,0.05,0.0,0.0015367486337815879
광주광역시,북구,신안동,0.0,0.05258154337639526,0.025,0.0,0.0020233617418592936
광주광역시,북구,용봉동,0.0,0.1956268910969448,0.1625,0.0,0.007470984705110301
광주광역시,북구,운암1동,0.0,0.09667456483657545,0.05,0.0,0.0037024285372352474
광주광역시,북구,운암2동,0.0,0.06211725645566811,0.05,0.0,0.002386344931784318
광주광역시,북구,운암3동,0.0,0.0720438565589395,0.0625,0.0,0.0027644224721814718
광주광역시,북구,동림동,0.0,0.1103990425680795,0.07500000000000001,0.0,0.004224980575008501
광주광역시,북구,우산동,0.0,0.053850719762958396,0.05,0.0,0.0020715199076513265
광주광역시,북구,풍향동,0.0,0.02932617833134673,0.037500000000000006,0.0,0.0011378265141610167
광주광역시,북구,문화동,0.0,0.0928139522538739,0.0,0.0,0.0035557977040774156
광주광역시,북구,문흥1동,0.0,0.08154096351238534,0.1,0.0,0.0031259681049186742
광주광역시,북구,문흥2동,0.0,0.08069645450991937,0.1,0.0,0.0030943418467865927
광주광역시,북구,두암1동,0.0,0.039161088885778954,0.05,0.0,0.0015123101615886158
광주광역시,북구,두암2동,0.0,0.0817581229701623,0.05,0.0,0.0031345934480456056
광주광역시,북구,두암3동,0.0,0.06931247315667814,0.0625,0.0,0.0026601995760643857
광주광역시,북구,삼각동,0.0,0.07088084701840065,0.125,0.0,0.0027205769779529046
광주광역시,북구,일곡동,0.0,0.15096925504654451,0.2,0.0,0.005770354551917019
광주광역시,북구,매곡동,0.0,0.06970818594640506,0.1,0.0,0.0026752939265365155
광주광역시,북구,오치1동,0.0,0.058343507656077334,0.125,0.0,0.00224258921300213
광주광역시,북구,오치2동,0.0,0.06273495446890036,0.125,0.0,0.002410064625383379
광주광역시,북구,석곡동,0.0,0.012807582243112427,0.0,0.0,0.0005088952444889449
광주광역시,북구,건국동,0.0,0.2484545485254873,0.0,0.0,0.00948284598946702
광주광역시,북구,양산동,0.0,0.1753393719748481,0.1625,0.0,0.0066982977166560416
광주광역시,서구,양동,0.0,0.019790465252073876,0.037500000000000006,0.0,0.0007058405792205422
광주광역시,서구,양3동,0.0,0.023125069370382348,0.0,0.0,0.0008222827114341143
광주광역시,서구,농성1동,0.0,0.05277457400553033,0.025,0.0,0.0018515736579145794
광주광역시,서구,농성2동,0.0,0.02521462593076957,0.025,0.0,0.0008941605708252082
광주광역시,서구,광천동,0.0,0.04095627373673518,0.05,0.0,0.001441151080791433
광주광역시,서구,유덕동,0.0,0.05328610517273829,0.0,0.0,0.0018695431227623528
광주광역시,서구,치평동,0.0,0.1505108073023487,0.07500000000000001,0.0,0.005244927399768123
광주광역시,서구,상무1동,0.0,0.1220629183335666,0.0,0.0,0.004257325611734492
광주광역시,서구,상무2동,0.0,0.11864145043214733,0.0,0.0,0.004138727143739187
광주광역시,서구,화정1동,0.0,0.07486210374431164,0.05,0.0,0.0026185104176175513
광주광역시,서구,화정2동,0.0,0.10259577938529398,0.05,0.0,0.0035816737334582096
광주광역시,서구,화정3동,0.0,0.05096973762311736,0.0625,0.0,0.0017890399202443274
광주광역시,서구,화정4동,0.0,0.07783960119872022,0.0625,0.0,0.0027220145351407265
광주광역시,서구,서창동,0.0,0.02513258791338716,0.0,0.0,0.0008912854564495646
광주광역시,서구,금호1동,0.0,0.10264403704257774,0.125,0.0,0.0035831112906460315
광주광역시,서구,금호2동,0.0,0.14254346808479837,0.1375,0.0,0.004968916419706322
광주광역시,서구,풍암동,0.0,0.18566651063357478,0.1375,0.0,0.006466132230822808
광주광역시,서구,동천동,0.0,0.08216348729134597,0.037500000000000006,0.0,0.002872239261268113
부산광역시,서구,동대신1동,1.0,0.022468765231323084,0.0125,0.0,0.0036736773934788096
부산광역시,서구,동대신2동,1.0,0.039146611588593824,0.0,0.0,0.006336033305324929
부산광역시,서구,동대신3동,1.0,0.033022714879283474,0.025,0.0,0.0053584944176060505
부산광역시,서구,서대신1동,1.0,0.057609991265364036,0.0125,0.0,0.00928302554035978
부산광역시,서구,서대신3동,1.0,0.04284314813653057,0.05,0.0,0.006926150530925809
부산광역시,서구,서대신4동,0.0,0.03926725573180325,0.0,0.0,0.006355440327360524
부산광역시,서구,부민동,1.0,0.03968709735017204,0.05,0.0,0.006422286736594241
부산광역시,서구,아미동,1.0,0.03840344366642377,0.025,0.0,0.006217434837329623
부산광역시,서구,초장동,1.0,0.024109525578971246,0.0,0.0,0.003936031580256303
부산광역시,서구,충무동,1.0,0.049811553848306885,0.0,0.0,0.008038819794299943
부산광역시,서구,남부민1동,0.0,0.025571732594669463,0.025,0.0,0.004168915844683447
부산광역시,서구,남부민2동,0.0,0.05033756231269997,0.0625,0.0,0.008122198111193612
부산광역시,서구,암남동,1.0,0.0741141100564132,0.037500000000000006,0.0,0.011918067865637282
서울특별시,강남구,신사동,0.0,0.08107769000246115,0.037500000000000006,0.30921052631578944,0.0008093446967437174
서울특별시,강남구,논현동,0.0,0.22014178099709972,0.08750000000000001,0.506578947368421,0.0021872432612709877
서울특별시,강남구,삼성동,0.0,0.21163395601797116,0.125,0.3355263157894737,0.002103146165783408
서울특별시,강남구,대치동,0.0,0.40201041400244186,0.2,0.3684210526315789,0.003990658753393534
서울특별시,강남구,역삼동,0.0,0.3568605498477471,0.07500000000000001,0.7960526315789473,0.003542859689387019
서울특별시,강남구,도곡동,0.0,0.27099570024273606,0.0625,0.1381578947368421,0.0026918258341964672
서울특별시,강남구,개포동,0.0,0.2491012011330898,0.1875,0.29605263157894735,0.0024747546988353633
서울특별시,강남구,일원동,0.0,0.2768445283055289,0.125,0.125,0.0027493281217093424
서울특별시,강남구,수서동,0.0,0.07328407835113238,0.08750000000000001,0.06578947368421052,0.000731716608601336
서울특별시,강남구,세곡동,0.0,0.21408061924225827,0.037500000000000006,0.039473684210526314,0.0021275846379763797
서울특별시,강남구,압구정동,0.0,0.13187370005935692,0.037500000000000006,0.05263157894736842,0.001312489712481375
서울특별시,강남구,청담동,0.0,0.13103401682261934,0.1125,0.22368421052631576,0.0013045831479483543
서울특별시,강동구,강일동,0.0,0.17211093470256394,0.1,0.09210526315789473,0.0009883205666275413
서울특별시,강동구,상일동,0.0,0.1603698466854228,0.25,0.10526315789473684,0.000921474157393824
서울특별시,강동구,명일동,0.0,0.21146022845174958,0.225,0.13157894736842105,0.0012140170451155762
서울특별시,강동구,고덕동,0.0,0.23432953223852795,0.25,0.125,0.0013448347492073672
서울특별시,강동구,암사동,0.0,0.3355934002827899,0.35000000000000003,0.23026315789473684,0.001924170295899584
서울특별시,강동구,성내동,0.0,0.3323987433706044,0.225,0.35526315789473684,0.0019062008310518105
서울특별시,강동구,둔촌동,0.0,0.12818198927714855,0.225,0.08552631578947367,0.0007367480587587126
서울특별시,강동구,천호동,0.0,0.4341644910506175,0.35000000000000003,0.43421052631578944,0.002489130270713582
서울특별시,강동구,길동,0.0,0.2256286766302643,0.275,0.21052631578947367,0.0012952390262275122
서울특별시,강북구,번동,0.0,0.2580674738564142,0.2,0.256578947368421,0.0014145562728167282
서울특별시,강북구,수유동,0.0,0.3226362193020978,0.35000000000000003,0.4671052631578947,0.0017674765624269993
서울특별시,강북구,삼양동,0.0,0.11885378412419592,0.0,0.0,0.0006526509632711327
서울특별시,강북구,미아동,0.0,0.10911056311860286,0.35000000000000003,0.4671052631578947,0.0005994613473217232
서울특별시,강북구,송중동,0.0,0.14873492551430598,0.0,0.0,0.0008165324826828268
서울특별시,강북구,송천동,0.0,0.13395360508828738,0.0,0.0,0.0007353105015708907
서울특별시,강북구,삼각산동,0.0,0.1544486321367043,0.0,0.0,0.0008474399622209972
서울특별시,강북구,우이동,0.0,0.10116252696396602,0.05,0.03289473684210526,0.0005563346316870669
서울특별시,강북구,인수동,0.0,0.1516834683743443,0.0,0.0,0.0008323456117488676
서울특별시,강서구,염창동,0.0,0.20221888708190772,0.07500000000000001,0.11842105263157894,0.0013980243651567764
서울특별시,강서구,등촌동,0.0,0.37207136342359126,0.1625,0.35526315789473684,0.0025696334732316075
서울특별시,강서구,화곡동,0.0,0.9706207382456412,0.41250000000000003,0.9276315789473684,0.00669686015946822
서울특별시,강서구,가양동,1.0,0.31173481452169427,0.05,0.20394736842105263,0.0021534606673571737
서울특별시,강서구,외발산동,0.0,0.18056567625868036,0.1,0.06578947368421052,0.0012492371962172122
서울특별시,강서구,공항동,1.0,0.1327761182505634,0.037500000000000006,0.08552631578947367,0.0009193178216120911
서울특별시,강서구,방화동,1.0,0.4413452304544424,0.15000000000000002,0.2763157894736842,0.0030476212381823817
서울특별시,강서구,우장산동,0.0,0.2117256455668103,0.0,0.0,0.0014641519957965831
서울특별시,관악구,보라매동,0.0,0.12144039455460597,0.0,0.0,0.0008963169066069412
서울특별시,관악구,청림동,0.0,0.07527229383122368,0.0,0.0,0.0005570534102809779
서울특별시,관악구,행운동,0.0,0.14325768141259815,0.0,0.0,0.0010566045330490804
서울특별시,관악구,낙성대동,0.0,0.08428682421183183,0.0,0.0,0.0006231810409207842
서울특별시,관악구,중앙동,0.0,0.0754991048204574,0.0,0.0,0.0005584909674687997
서울특별시,관악구,인헌동,0.0,0.12733748027468259,0.0,0.0,0.0009394436222415974
서울특별시,관악구,남현동,0.0,0.08920427948904794,0.025,0.125,0.0006591199706163311
서울특별시,관악구,서원동,0.0,0.11317385786189625,0.0,0.0,0.0008352207261245112
서울특별시,관악구,신원동,0.0,0.09254370937308479,0.0,0.0,0.000684277221403214
서울특별시,관악구,서림동,0.0,0.11725162990237477,0.0,0.0,0.0008654094270687707
서울특별시,관악구,신사동,0.0,0.12215460788240576,0.0,0.0,0.0009013483567643176
서울특별시,관악구,신림동,0.0,0.10884032023781375,0.42500000000000004,1.0,0.0008035944679924299
서울특별시,관악구,난향동,0.0,0.07625675003981258,0.0,0.0,0.0005642411962200872
서울특별시,관악구,조원동,0.0,0.09226381496083892,0.0,0.0,0.0006821208856214812
서울특별시,관악구,대학동,0.0,0.11965003546937812,0.0,0.0,0.0008833788919165441
서울특별시,관악구,은천동,0.0,0.166402053845894,0.0,0.0,0.001226236281212062
서울특별시,관악구,성현동,0.0,0.14650542174779582,0.0,0.0,0.0010803242266481414
서울특별시,관악구,청룡동,0.0,0.17475062855598614,0.0,0.0,0.001288051240288403
서울특별시,관악구,난곡동,0.0,0.13483672021658036,0.0,0.0,0.0009947895739727398
서울특별시,관악구,삼성동,0.0,0.11495939118139573,0.0,0.0,0.0008488775194088192
서울특별시,관악구,미성동,0.0,0.15285130368061153,0.0,0.0,0.0011270448352523525
서울특별시,광진구,화양동,1.0,0.1227095709411691,0.07500000000000001,0.20394736842105263,0.0006878711143727688
서울특별시,광진구,군자동,1.0,0.10515343522133376,0.17500000000000002,0.07894736842105263,0.0005901172256008811
서울특별시,광진구,중곡동,1.0,0.4105713224045826,0.30000000000000004,0.3421052631578947,0.0022950600503576285
서울특별시,광진구,능동,1.0,0.05694403559484802,0.125,0.039473684210526314,0.00032057525288427887
서울특별시,광진구,구의동,1.0,0.38422264152764446,0.45,0.21052631578947367,0.002147710438605886
서울특별시,광진구,광장동,1.0,0.171343637951752,0.25,0.08552631578947367,0.0009595694228711037
서울특별시,광진구,자양동,1.0,0.48303984634761926,0.55,0.35526315789473684,0.0026990136201355762
서울특별시,구로구,신도림동,0.0,0.17556618296408183,0.05,0.08552631578947367,0.00117879689401394
서울특별시,구로구,구로동,0.0,0.6643197359340993,0.2,0.75,0.004449239496308713
서울특별시,구로구,고척동,0.0,0.24749904691126864,0.08750000000000001,0.17763157894736842,0.0016596597733403585
서울특별시,구로구,개봉동,0.0,0.4276979649745924,0.1125,0.2894736842105263,0.002865770253922914
서울특별시,구로구,오류동,0.0,0.30403289241920467,0.15000000000000002,0.1644736842105263,0.0020377373137375125
서울특별시,구로구,수궁동,0.0,0.11670631837506817,0.0,0.0,0.0007849062245507455
서울특별시,구로구,가리봉동,0.0,0.06828458505653386,0.025,0.125,0.000460737078696912
서울특별시,구로구,항동,0.0,0.07861654948098891,0.037500000000000006,0.006578947368421052,0.0005297398237123621
서울특별시,금천구,가산동,0.0,0.12479430173582794,0.1,0.21052631578947367,0.0005527407387175122
서울특별시,금천구,독산동,0.0,0.5344197740576486,0.5,0.4934210526315789,0.0023583125666217916
서울특별시,금천구,시흥동,0.0,0.5351436389169052,0.47500000000000003,0.4407894736842105,0.002361187680997435
서울특별시,노원구,월계동,0.0,0.3927063376781311,0.375,0.256578947368421,0.0023309989800531757
서울특별시,노원구,공릉동,0.0,0.3791652390443054,0.375,0.29605263157894735,0.0022504957775351503
서울특별시,노원구,하계동,0.0,0.24406310171266427,0.30000000000000004,0.1644736842105263,0.0014497764239183642
서울특별시,노원구,중계동,0.0,0.5246717272863272,0.55,0.35526315789473684,0.0031130300902282777
서울특별시,노원구,상계동,0.0,1.0,1.0,0.763157894736842,0.005929923399765248
서울특별시,도봉구,쌍문동,0.0,0.37413196538960825,0.25,0.2763157894736842,0.0011299199496279963
서울특별시,도봉구,방학동,0.0,0.3743298217844717,0.1625,0.41447368421052627,0.0011306387282219073
서울특별시,도봉구,창동,0.0,0.5896844431790215,0.375,0.3881578947368421,0.001780414577117396
서울특별시,도봉구,도봉동,0.0,0.23944001814487914,0.07500000000000001,0.18421052631578946,0.0007238100440683157
서울특별시,동대문구,회기동,0.0,0.06056335989113073,0.07500000000000001,0.046052631578947366,0.00032129403147818976
서울특별시,동대문구,휘경동,0.0,0.19419363867561687,0.17500000000000002,0.13157894736842105,0.0010249782749169993
서울특별시,동대문구,청량리동,0.0,0.09805473383489126,0.025,0.09210526315789473,0.000518958144803698
서울특별시,동대문구,용신동,0.0,0.15678430274923874,0.07500000000000001,0.0,0.0008280329401854019
서울특별시,동대문구,제기동,0.0,0.12983240115625347,0.2,0.17763157894736842,0.0006864335571849469
서울특별시,동대문구,전농동,0.0,0.24156818083109338,0.25,0.15789473684210525,0.001274394447004095
서울특별시,동대문구,답십리동,0.0,0.2841603891497484,0.325,0.14473684210526316,0.001497934589710397
서울특별시,동대문구,장안동,0.0,0.3499307502617978,0.47500000000000003,0.3026315789473684,0.0018443858719754697
서울특별시,동대문구,이문동,0.0,0.20287036545523862,0.225,0.125,0.0010702613263333883
서울특별시,동작구,노량진동,0.0,0.22095250963946705,0.1,0.20394736842105263,0.0010415101825769508
서울특별시,동작구,상도1동,0.0,0.22549355518986977,0.1,0.02631578947368421,0.001063073540394279
서울특별시,동작구,상도동,0.0,0.3994334551034886,0.4,0.375,0.001881043580264928
서울특별시,동작구,사당동,0.0,0.510715612799861,0.35000000000000003,0.34868421052631576,0.0024043143966320916
서울특별시,동작구,대방동,0.0,0.1884895835846753,0.2,0.09868421052631579,0.0008891291206678316
서울특별시,동작구,신대방동,0.0,0.22283455827353407,0.1,0.17105263157894735,0.0010501355257038821
서울특별시,동작구,흑석동,0.0,0.16615593979374677,0.225,0.14473684210526316,0.0007841874459568346
서울특별시,마포구,용강동,0.0,0.1068617562891792,0.0,0.006578947368421052,0.0006972152360936109
서울특별시,마포구,대흥동,0.0,0.07600581022193698,0.05,0.07236842105263158,0.000496676008392459
서울특별시,마포구,염리동,0.0,0.0615333388025345,0.07500000000000001,0.019736842105263157,0.0004032347911840369
서울특별시,마포구,신수동,0.0,0.11337171425675971,0.05,0.05263157894736842,0.0007396231731343563
서울특별시,마포구,서교동,0.0,0.1296586735900319,0.05,0.2894736842105263,0.0008452836264392643
서울특별시,마포구,합정동,0.0,0.08909811264302364,0.025,0.07894736842105263,0.0005822106610678607
서울특별시,마포구,망원동,0.0,0.19407299453240742,0.07500000000000001,0.11184210526315788,0.001263612768095431
서울특별시,마포구,연남동,0.0,0.0799581123534777,0.05,0.07236842105263158,0.0005225520377732528
서울특별시,마포구,성산동,0.0,0.29067999864878563,0.225,0.17763157894736842,0.00189038770198577
서울특별시,마포구,상암동,0.0,0.15386471448357067,0.2,0.17763157894736842,0.001001977359911849
서울특별시,마포구,도화동,0.0,0.10561188296552956,0.125,0.07236842105263158,0.0006893086715605906
서울특별시,마포구,서강동,0.0,0.12196157725327067,0.0,0.0,0.0007949691248654987
서울특별시,마포구,공덕동,0.0,0.18645311044730023,0.05,0.039473684210526314,0.0012140170451155762
서울특별시,마포구,아현동,0.0,0.1259910916364654,0.05,0.05263157894736842,0.0008215639328402034
서울특별시,서대문구,천연동,0.0,0.08655493410416899,0.05,0.006578947368421052,0.0003601080755493805
서울특별시,서대문구,홍제동,1.0,0.26449056804088394,0.30000000000000004,0.14473684210526316,0.0010954185771202712
서울특별시,서대문구,홍은동,0.0,0.24556874061991787,0.1,0.256578947368421,0.0010170717103839789
서울특별시,서대문구,남가좌동,0.0,0.2269268076111977,0.125,0.1513157894736842,0.0009401624008355084
서울특별시,서대문구,북가좌동,0.0,0.24800092654701986,0.07500000000000001,0.17763157894736842,0.001027134610698732
서울특별시,서대문구,충현동,0.0,0.10190086912040769,0.0,0.0,0.0004233605918135431
서울특별시,서대문구,북아현동,0.0,0.08128037216305298,0.07500000000000001,0.05921052631578947,0.0003385447177320523
서울특별시,서대문구,신촌동,0.0,0.11069341427751049,0.0,0.02631578947368421,0.00046001830010300107
서울특별시,서대문구,연희동,0.0,0.18816625728087405,0.025,0.17763157894736842,0.0007798747743933689
서울특별시,서초구,서초동,0.0,0.8271314200780809,0.4,0.47368421052631576,0.006088054690425655
서울특별시,서초구,잠원동,0.0,0.13714343623474454,0.17500000000000002,0.07236842105263158,0.0010127590388205132
서울특별시,서초구,반포동,0.0,0.4977149999276136,0.275,0.22368421052631576,0.0036650520503518787
서울특별시,서초구,방배동,0.0,0.5040126242031454,0.42500000000000004,0.3881578947368421,0.0037117726589560897
서울특별시,서초구,양재동,0.0,0.3256716259452469,0.2,0.256578947368421,0.002400001725068626
서울특별시,서초구,내곡동,0.0,0.08702303337982155,0.07500000000000001,0.05921052631578947,0.0006440256201442015
서울특별시,성동구,왕십리2동,0.0,0.08350022439810638,0.125,0.0,0.00029829311647303975
서울특별시,성동구,마장동,0.0,0.11266232669468829,0.15000000000000002,0.10526315789473684,0.0004025160125901259
서울특별시,성동구,사근동,0.0,0.06466043499452276,0.1,0.06578947368421052,0.00023144670723932242
서울특별시,성동구,행당동,0.0,0.18531422973540326,0.1,0.11842105263157894,0.000660557527804153
서울특별시,성동구,응봉동,0.0,0.07581760535853027,0.05,0.046052631578947366,0.0002709795299044241
서울특별시,성동구,금호동1가,0.0,0.07567765815240735,0.07500000000000001,0.02631578947368421,0.0002709795299044241
서울특별시,성동구,금호동4가,0.0,0.07107870341326411,0.1,0.07236842105263158,0.00025444762224447246
서울특별시,성동구,성수동1가,0.0,0.14707003633801594,0.1,0.18421052631578946,0.0005247083735549856
서울특별시,성동구,성수동2가,0.0,0.13748606560145932,0.07500000000000001,0.41447368421052627,0.0004902070010472605
서울특별시,성동구,송정동,0.0,0.053228195983997764,0.05,0.03289473684210526,0.00019119510598030983
서울특별시,성동구,용답동,0.0,0.060857731600561724,0.07500000000000001,0.06578947368421052,0.00021778991395501453
서울특별시,성동구,왕십리도선동,0.0,0.1325879133871567,0.0,0.0,0.00047295631479339796
서울특별시,성동구,금호동2가,0.0,0.05636011794171441,0.05,0.019736842105263157,0.0002019767848889739
서울특별시,성동구,금호동3가,0.0,0.05636011794171441,0.025,0.046052631578947366,0.0002019767848889739
서울특별시,성동구,옥수동,0.0,0.1293256957547739,0.125,0.02631578947368421,0.0004614558572908229
서울특별시,성북구,돈암동,0.0,0.1927989923801159,0.325,0.039473684210526314,0.0007798747743933689
서울특별시,성북구,안암동,0.0,0.07946588424918324,0.1,0.0,0.0003227315886660117
서울특별시,성북구,보문동,0.0,0.07726050931131498,0.125,0.0,0.0003141062455390804
서울특별시,성북구,정릉동,0.0,0.4120817870775646,0.4,0.25,0.001663972444903824
서울특별시,성북구,길음동,0.0,0.25876720988702884,0.35000000000000003,0.06578947368421052,0.0010458228541404165
서울특별시,성북구,월곡동,0.0,0.22869786363351205,0.2,0.0,0.0009243492717694677
서울특별시,성북구,장위동,0.0,0.2499794904956544,0.275,0.18421052631578946,0.0010106027030387804
서울특별시,성북구,성북동,0.0,0.08344231520936586,0.125,0.046052631578947366,0.0003385447177320523
서울특별시,성북구,삼선동,0.0,0.1159679762186265,0.05,0.0,0.0004700812004177542
서울특별시,성북구,동선동,0.0,0.07785407849590535,0.17500000000000002,0.0,0.00031626258132081325
서울특별시,성북구,종암동,0.0,0.19901457863826544,0.25,0.05921052631578947,0.0008050320251802518
서울특별시,성북구,석관동,0.0,0.1755130995410697,0.125,0.08552631578947367,0.0007101532507840079
서울특별시,송파구,풍납동,0.0,0.19387513813754398,0.225,0.11842105263157894,0.0015748438992588677
서울특별시,송파구,거여동,0.0,0.15584327843220522,0.125,0.10526315789473684,0.0012672066610649856
서울특별시,송파구,마천동,0.0,0.19069013275681518,0.225,0.17105263157894735,0.001548967869878074
서울특별시,송파구,방이동,0.0,0.2068323191182361,0.07500000000000001,0.23026315789473684,0.0016797855739698647
서울특별시,송파구,오륜동,0.0,0.08870722561902511,0.07500000000000001,0.0,0.0007230912654744048
서울특별시,송파구,오금동,0.0,0.19088316338595027,0.125,0.1644736842105263,0.0015511242056598065
서울특별시,송파구,송파동,0.0,0.22139165432074936,0.2,0.11184210526315788,0.0017976652633712588
서울특별시,송파구,석촌동,0.0,0.15950603462004334,0.125,0.1381578947368421,0.0012966765834153341
서울특별시,송파구,삼전동,0.0,0.1531022434984871,0.025,0.07236842105263158,0.0012449245246537466
서울특별시,송파구,가락동,0.0,0.42628401561617796,0.325,0.3026315789473684,0.003458043815305528
서울특별시,송파구,문정동,0.0,0.24274566766881736,0.05,0.28289473684210525,0.001970890904503795
서울특별시,송파구,잠실동,0.0,0.7227066754817321,0.47500000000000003,0.26973684210526316,0.005859483097561975
서울특별시,송파구,장지동,0.0,0.14601319364350138,0.17500000000000002,0.08552631578947367,0.0011874222371408714
서울특별시,송파구,위례동,0.0,0.14599389058058787,0.07500000000000001,0.0,0.0011874222371408714
서울특별시,양천구,목동,0.0,0.7404654933621593,0.5,0.4276315789473684,0.003415635878264783
서울특별시,양천구,신월동,0.0,0.6049193855835074,0.5750000000000001,0.6118421052631579,0.0027910172801561767
서울특별시,양천구,신정동,0.0,0.8554104072463699,0.625,0.5657894736842105,0.003946094480571056
서울특별시,영등포구,여의동,0.0,0.16576505276974823,0.15000000000000002,0.0,0.001357053985303853
서울특별시,영등포구,당산동,0.0,0.28517862571843594,0.17500000000000002,0.019736842105263157,0.0023309989800531757
서울특별시,영등포구,양평동,0.0,0.1939571761549264,0.225,0.013157894736842105,0.0015870631353553535
서울특별시,영등포구,신길동,0.0,0.49307261329691493,0.5,0.2894736842105263,0.004027316461682992
서울특별시,영등포구,대림동,0.0,0.3107165779530067,0.325,0.29605263157894735,0.002539444772287348
서울특별시,영등포구,영등포동,0.0,0.25299559407589,0.125,0.05921052631578947,0.0020686447932756827
서울특별시,영등포구,도림동,0.0,0.09917913724960309,0.025,0.05263157894736842,0.0008136573683071831
서울특별시,영등포구,문래동,0.0,0.16063043803475516,0.125,0.0,0.0013153648268570187
서울특별시,용산구,후암동,0.0,0.08729327626061066,0.07500000000000001,0.046052631578947366,0.0003989221196205712
서울특별시,용산구,용산동2가,0.0,0.053850719762958396,0.025,0.03289473684210526,0.00024725983630536307
서울특별시,용산구,남영동,0.0,0.038620603124200736,0.0,0.019736842105263157,0.00017753831269600197
서울특별시,용산구,원효로2가,0.0,0.06861273712606349,0.025,0.006578947368421052,0.0003141062455390804
서울특별시,용산구,효창동,0.0,0.0492855453839138,0.025,0.03289473684210526,0.0002264152570819458
서울특별시,용산구,용문동,0.0,0.059559600619628325,0.0,0.013157894736842105,0.00027313586568615685
서울특별시,용산구,이촌동,0.0,0.18171903426776245,0.17500000000000002,0.06578947368421052,0.0008280329401854019
서울특별시,용산구,이태원동,0.0,0.09384184035401819,0.07500000000000001,0.1907894736842105,0.00042839204197091973
서울특별시,용산구,서빙고동,0.0,0.06701540866997072,0.025,0.013157894736842105,0.000306918459599971
서울특별시,용산구,보광동,0.0,0.07440365600011582,0.025,0.05921052631578947,0.00034070105351378515
서울특별시,용산구,청파동1가,0.0,0.03242431992896473,0.0,0.046052631578947366,0.00014950594753347535
서울특별시,용산구,청파동2가,0.0,0.03242431992896473,0.025,0.006578947368421052,0.00014950594753347535
서울특별시,용산구,청파동3가,0.0,0.03242431992896473,0.0,0.019736842105263157,0.00014950594753347535
서울특별시,용산구,원효로1가,0.0,0.08018974910843979,0.0,0.05263157894736842,0.00036657708289457893
서울특별시,용산구,한강로1가,0.0,0.034996453062189646,0.0,0.019736842105263157,0.0001617251836299613
서울특별시,용산구,한강로2가,0.0,0.03500127882791802,0.025,0.05263157894736842,0.0001617251836299613
서울특별시,용산구,한강로3가,0.0,0.03500127882791802,0.025,0.046052631578947366,0.0001617251836299613
서울특별시,용산구,한남동,0.0,0.11411970794465813,0.125,0.1381578947368421,0.0005203957019915199
서울특별시,은평구,녹번동,0.0,0.18194101949126779,0.1,0.07894736842105263,0.001004133695693582
서울특별시,은평구,불광동,0.0,0.33128399148734927,0.15000000000000002,0.15789473684210525,0.0018264164071276963
서울특별시,은평구,갈현동,0.0,0.2534588675858142,0.08750000000000001,0.1381578947368421,0.0013980243651567764
서울특별시,은평구,구산동,0.0,0.15869048021194762,0.08750000000000001,0.07236842105263158,0.0008761911059774347
서울특별시,은평구,대조동,0.0,0.1325444814956013,0.025,0.05263157894736842,0.0007324353871952469
서울특별시,은평구,응암동,0.0,0.4076855144990132,0.15000000000000002,0.1644736842105263,0.0022469018845655956
서울특별시,은평구,신사동,0.0,0.2345708205249468,0.1125,0.10526315789473684,0.0012938014690396904
서울특별시,은평구,증산동,0.0,0.07419132230806724,0.025,0.05263157894736842,0.00041114135571705717
서울특별시,은평구,수색동,0.0,0.05378315904276112,0.037500000000000006,0.03289473684210526,0.0002990118950669507
서울특별시,은평구,진관동,0.0,0.2757587310166441,0.1375,0.08552631578947367,0.0015209355047155473
서울특별시,은평구,역촌동,0.0,0.22597130599697907,0.037500000000000006,0.10526315789473684,0.0012470808604354794
서울특별시,종로구,사직동,0.0,0.046776147205157784,0.025,0.019736842105263157,0.0002551664008383834
서울특별시,종로구,삼청동,0.0,0.013492840976541954,0.0,0.019736842105263157,7.547175236064862e-05
서울특별시,종로구,부암동,0.0,0.04931932574401244,0.025,0.05263157894736842,0.00026882319412269124
서울특별시,종로구,평창동,0.0,0.0891270672373939,0.05,0.08552631578947367,0.0004830192151081511
서울특별시,종로구,무악동,0.0,0.04091766761090817,0.025,0.05263157894736842,0.00022354014270630206
서울특별시,종로구,교남동,0.0,0.0507718812282539,0.0,0.006578947368421052,0.0002767297586557116
서울특별시,종로구,가회동,0.0,0.020774921460662774,0.025,0.0,0.00011500457502575027
서울특별시,종로구,종로1가,0.0,0.009646705691025523,0.0,0.0,5.4627173137231376e-05
서울특별시,종로구,종로2가,0.0,0.009646705691025523,0.0,0.019736842105263157,5.4627173137231376e-05
서울특별시,종로구,종로3가,0.0,0.009646705691025523,0.0,0.019736842105263157,5.4627173137231376e-05
서울특별시,종로구,종로4가,0.0,0.009651531456753902,0.0,0.019736842105263157,5.4627173137231376e-05
서울특별시,종로구,종로5가,0.0,0.01318399196992583,0.0,0.02631578947368421,7.403419517282673e-05
서울특별시,종로구,종로6가,0.0,0.013188817735654206,0.025,0.0,7.403419517282673e-05
서울특별시,종로구,이화동,0.0,0.038596474295558854,0.025,0.013157894736842105,0.00021060212801590517
서울특별시,종로구,창신동,0.0,0.1083915240250747,0.125,0.15789473684210525,0.0005872421112252372
서울특별시,종로구,숭인동,0.0,0.07939832352898597,0.07500000000000001,0.125,0.00043054837775265256
서울특별시,종로구,청운동,0.0,0.06041858691927943,0.05,0.006578947368421052,0.0003284818174172992
서울특별시,종로구,혜화동,0.0,0.09468634935648415,0.07500000000000001,0.046052631578947366,0.0005132079160524105
서울특별시,중구,소공동,0.0,0.013985069080836403,0.0,0.019736842105263157,8.984732423886739e-05
서울특별시,중구,회현동1가,0.0,0.02723662177095951,0.025,0.013157894736842105,0.0001710693053508035
서울특별시,중구,명동1가,0.0,0.008348574710092125,0.0,0.006578947368421052,5.4627173137231376e-05
서울특별시,중구,명동2가,0.0,0.008343748944363747,0.025,0.013157894736842105,5.4627173137231376e-05
서울특별시,중구,필동2가,0.0,0.010925533609045416,0.025,0.019736842105263157,7.044030220327203e-05
서울특별시,중구,필동3가,0.0,0.010925533609045416,0.0,0.013157894736842105,7.044030220327203e-05
서울특별시,중구,장충동1가,0.0,0.012648331974075987,0.0,0.019736842105263157,8.122198111193612e-05
서울특별시,중구,장충동2가,0.0,0.012648331974075987,0.025,0.039473684210526314,8.122198111193612e-05
서울특별시,중구,광희1가,0.0,0.014935744929326662,0.0,0.0,9.559755299015491e-05
서울특별시,중구,광희2가,0.0,0.014935744929326662,0.0,0.0,9.559755299015491e-05
서울특별시,중구,을지로1가,0.0,0.0008107286423673277,0.0,0.006578947368421052,8.62534312693127e-06
서울특별시,중구,을지로2가,0.0,0.0008107286423673277,0.0,0.013157894736842105,8.62534312693127e-06
서울특별시,중구,을지로3가,0.0,0.0008107286423673277,0.0,0.019736842105263157,8.62534312693127e-06
서울특별시,중구,을지로4가,0.0,0.0008107286423673277,0.0,0.013157894736842105,8.62534312693127e-06
서울특별시,중구,을지로5가,0.0,0.0008107286423673277,0.0,0.03289473684210526,8.62534312693127e-06
서울특별시,중구,을지로6가,0.0,0.0008107286423673277,0.0,0.006578947368421052,8.62534312693127e-06
서울특별시,중구,을지로7가,0.0,0.0008107286423673277,0.0,0.013157894736842105,8.62534312693127e-06
서울특별시,중구,황학동,0.0,0.06475212454336192,0.05,0.07236842105263158,0.0004032347911840369
서울특별시,중구,중림동,0.0,0.06122931556164675,0.025,0.02631578947368421,0.0003809526547727977
서울특별시,중구,신당동,0.0,0.09624989745247828,0.47500000000000003,0.3684210526315789,0.0005973050115399904
서울특별시,중구,다산동,0.0,0.07051408882304401,0.0,0.0,0.00043845494228567284
서울특별시,중구,약수동,0.0,0.08320102692294701,0.0,0.0,0.0005168018090219653
서울특별시,중구,청구동,0.0,0.06837144883964463,0.0,0.0,0.00042551692759527595
서울특별시,중구,동화동,0.0,0.05170325401383065,0.0,0.0,0.0003227315886660117
서울특별시,중랑구,상봉동,0.0,0.21722219273143167,0.1,0.1644736842105263,0.0013433971920195453
서울특별시,중랑구,중화동,0.0,0.2237224991675554,0.15000000000000002,0.18421052631578946,0.0013829300146846468
서울특별시,중랑구,묵동,0.0,0.2661265026228037,0.125,0.11842105263157894,0.0016445654228682287
서울특별시,중랑구,신내동,0.0,0.29446822474556156,0.17500000000000002,0.11184210526315788,0.0018192286211885869
서울특별시,중랑구,면목동,0.0,0.6908807505030861,0.35000000000000003,0.47368421052631576,0.004264513397673602
서울특별시,중랑구,망우동,0.0,0.2325005670274731,0.15000000000000002,0.23684210526315788,0.0014375571878218782
전라남도,신안군,지도읍,1.0,0.022608712437446016,0.025,0.0,0.0038598410493017434
전라남도,신안군,압해읍,1.0,0.030981415976180024,0.07500000000000001,0.0,0.005255709078676787
전라남도,신안군,증도면,0.0,0.008855280111571703,0.025,0.0,0.0015669373347258473
전라남도,신안군,임자면,0.0,0.015331457719053572,0.025,0.0,0.0026465427827800777
전라남도,신안군,자은면,0.0,0.010703548385540076,0.025,0.0,0.0018752933515136401
전라남도,신안군,비금면,0.0,0.017010824192528754,0.025,0.0,0.002926866434405344
전라남도,신안군,도초면,1.0,0.013488015210813577,0.025,0.0,0.0023396243231801066
전라남도,신안군,흑산면,0.0,0.01969394993750634,0.025,0.0,0.003373946719817948
전라남도,신안군,하의면,0.0,0.008382355070190762,0.025,0.0,0.0014878716893956439
전라남도,신안군,신의면,0.0,0.007320686609947833,0.025,0.0,0.0013110521552935528
전라남도,신안군,장산면,0.0,0.007339989672861341,0.025,0.0,0.0013146460482631075
전라남도,신안군,안좌면,0.0,0.0147185854715497,0.025,0.0,0.0025444762224447245
전라남도,신안군,팔금면,0.0,0.004545871316131087,0.025,0.0,0.0008488775194088192
전라남도,신안군,암태면,1.0,0.00973356947413631,0.0,0.0,0.001713568167883679
전라북도,고창군,고창읍,1.0,0.10389873613195574,0.037500000000000006,0.0,0.0029577739139435145
전라북도,고창군,고수면,1.0,0.010592555773787406,0.025,0.0,0.00031554380272690225
전라북도,고창군,아산면,1.0,0.01256629395669358,0.025,0.0,0.00037160853305195555
전라북도,고창군,무장면,1.0,0.013348068004690645,0.025,0.0,0.00039317189086928366
전라북도,고창군,공음면,1.0,0.011827951800251906,0.025,0.0,0.00035076395382853826
전라북도,고창군,상하면,1.0,0.011359852524599342,0.025,0.0,0.0003371071605442305
전라북도,고창군,해리면,1.0,0.0133577195361474,0.05,0.0,0.00039389066946319466
전라북도,고창군,성송면,1.0,0.008396832367375894,0.025,0.0,0.00025301006505665057
전라북도,고창군,대산면,0.0,0.015920201137915563,0.05,0.0,0.0004664873074481995
전라북도,고창군,심원면,1.0,0.011890686754720806,0.025,0.0,0.0003522015110163602
전라북도,고창군,흥덕면,1.0,0.014679979345722684,0.025,0.0,0.00043126715634656345
전라북도,고창군,성내면,1.0,0.009077265335077044,0.025,0.0,0.0002724170870922459
전라북도,고창군,신림면,1.0,0.010505691990676622,0.05,0.0,0.0003126686883512585
전라북도,고창군,부안면,1.0,0.012407043687657139,0.05,0.0,0.00036657708289457893
전라북도,무주군,무주읍,1.0,0.04554557694442166,0.037500000000000006,0.0,0.0005606473032505325
전라북도,무주군,무풍면,1.0,0.010457434333392851,0.0125,0.0,0.00013369281846743468
전라북도,무주군,설천면,1.0,0.01916794147311325,0.025,0.0,0.00024007205036625365
전라북도,무주군,적상면,1.0,0.012156103869781538,0.025,0.0,0.0001545373976908519
전라북도,무주군,안성면,1.0,0.02013309461878864,0.0125,0.0,0.0002515725078688287
전라북도,무주군,부남면,1.0,0.0063024500412602975,0.025,0.0,8.337831689366894e-05
전라북도,정읍시,신태인읍,0.0,0.026787825558220454,0.037500000000000006,0.0,0.0018465422077572028
전라북도,정읍시,북면,0.0,0.021329884519426124,0.037500000000000006,0.0,0.0014778087890808908
전라북도,정읍시,입암면,0.0,0.013367371067604153,0.025,0.0,0.0009401624008355084
전라북도,정읍시,소성면,0.0,0.009878342445987618,0.0125,0.0,0.0007044030220327204
전라북도,정읍시,고부면,0.0,0.013391499896246039,0.0125,0.0,0.0009415999580233303
전라북도,정읍시,영원면,0.0,0.008324445881450239,0.0125,0.0,0.0005994613473217232
전라북도,정읍시,덕천면,0.0,0.00851265074485694,0.025,0.0,0.0006116805834182092
전라북도,정읍시,이평면,0.0,0.009777001365691701,0.0125,0.0,0.0006972152360936109
전라북도,정읍시,정우면,0.0,0.01210784621249777,0.025,0.0,0.0008546277481601066
전라북도,정읍시,태인면,0.0,0.01671645248309776,0.025,0.0,0.0011665776579174543
전라북도,정읍시,감곡면,0.0,0.01332393917604876,0.0125,0.0,0.0009372872864598646
전라북도,정읍시,옹동면,0.0,0.00783221777715579,0.0125,0.0,0.0005656787534079091
전라북도,정읍시,칠보면,0.0,0.010940010906230547,0.025,0.0,0.0007762808814238143
전라북도,정읍시,산내면,0.0,0.005395206084325431,0.0125,0.0,0.00040107845540230405
전라북도,정읍시,산외면,0.0,0.009839736320160603,0.0125,0.0,0.0007015279076570765
전라북도,정읍시,수성동,0.0,0.08662249482436626,0.037500000000000006,0.0,0.005888953019912325
전라북도,정읍시,장명동,0.0,0.014207054304341743,0.0125,0.0,0.0009969459097544724
전라북도,정읍시,내장상동,0.0,0.09972444877690968,0.0,0.0,0.006774488247610602
전라북도,정읍시,시기동,0.0,0.0162049213158898,0.025,0.0,0.0011313575068158182
전라북도,정읍시,초산동,0.0,0.05268288445669117,0.0,0.0,0.0035960493053364285
전라북도,정읍시,연지동,0.0,0.029036632387644114,0.037500000000000006,0.0,0.0019989232696663215
전라북도,정읍시,농소동,0.0,0.019669821108864453,0.0,0.0,0.0013656793284307844
전라북도,정읍시,상교동,0.0,0.01859850111716477,0.0,0.0,0.0012930826904457794
충청남도,아산시,염치읍,0.0,0.033138533256764524,0.037500000000000006,0.0,0.0022037751689309394
충청남도,아산시,배방읍,0.0,0.3609334961224973,0.25,0.0,0.023649253296857718
충청남도,아산시,송악면,1.0,0.020470898219775026,0.025,0.0,0.0013750234501516264
충청남도,아산시,탕정면,0.0,0.10503761684385271,0.0625,0.0,0.006907462287484125
충청남도,아산시,음봉면,1.0,0.10077646570569586,0.0625,0.0,0.006628576193046681
충청남도,아산시,둔포면,1.0,0.12075031005544806,0.07500000000000001,0.0,0.007935315676776768
충청남도,아산시,영인면,1.0,0.03032511183712076,0.037500000000000006,0.0,0.002019767848889739
충청남도,아산시,인주면,1.0,0.03554176458949624,0.025,0.0,0.002361187680997435
충청남도,아산시,선장면,1.0,0.017136294101466554,0.025,0.0,0.001156514757602701
충청남도,아산시,도고면,1.0,0.021797983795078687,0.025,0.0,0.00146199566001485
충청남도,아산시,신창면,0.0,0.12129079581702627,0.0625,0.0,0.007971254606472316
충청남도,아산시,온양1동,0.0,0.048122535843374954,0.0,0.0,0.0031841891710254603
충청남도,아산시,온양2동,0.0,0.03742863898929163,0.0,0.0,0.0024840988205562056
충청남도,아산시,온양3동,0.0,0.18210026976030422,0.0,0.0,0.011948975345175453
충청남도,아산시,온양4동,0.0,0.09152064703866887,0.0,0.0,0.00602336461697367
충청남도,아산시,온양5동,0.0,0.12962006746420487,0.0,0.0,0.008516088780656806
충청남도,아산시,온양6동,0.0,0.14207536880914579,0.0,0.0,0.0093304649275579
충청북도,진천군,진천읍,1.0,0.15347865322530052,0.15000000000000002,0.0,0.02668034262738015
충청북도,진천군,덕산면,0.0,0.1077400456517438,0.0625,0.0,0.01875796496529378
충청북도,진천군,초평면,1.0,0.01638347464783975,0.05,0.0,0.0029326166631566315
충청북도,진천군,문백면,1.0,0.019467138948272622,0.05,0.0,0.0034666691584324593
충청북도,진천군,백곡면,1.0,0.009912122806086256,0.025,0.0,0.0018113220566555665
충청북도,진천군,이월면,0.0,0.038437224026522415,0.07500000000000001,0.0,0.006752924889793273
충청북도,진천군,광혜원면,1.0,0.05740730910477221,0.037500000000000006,0.0,0.010038461842560176
