시도명,시군구명,읍/면/동,설치유무,화재발생횟수,화재발생비율
서울특별시,서초구,내곡동,0,9,0.0371900826446281
서울특별시,서초구,반포동,0,34,0.14049586776859505
서울특별시,서초구,방배동,0,59,0.24380165289256198
서울특별시,서초구,서초동,0,72,0.2975206611570248
서울특별시,서초구,신원동,0,2,0.008264462809917356
서울특별시,서초구,양재동,0,39,0.16115702479338842
서울특별시,서초구,염곡동,0,2,0.008264462809917356
서울특별시,서초구,우면동,0,11,0.045454545454545456
서울특별시,서초구,원지동,0,3,0.012396694214876033
서울특별시,서초구,잠원동,0,11,0.045454545454545456
